{"ShapeType":5,"Count":928,"Bound":{"Left":97.343358471000045,"Top":5.613037873000053,"Right":105.63696451800007,"Bottom":20.465073815000061},"Shapes":[{"RecordNo":906,"ShapeType":5,"ADM0_EN":"Thailand","ADM0_PCODE":"TH","ADM1_EN":"Pattani","ADM1_PCODE":"TH94","ADM2_EN":"Kapho","ADM2_PCODE":"TH9411","ADM3_EN":null,"ADM3_PCODE":null,"SHAPE_LENGTH":0.461871088242,"SHAPE_AREA":0.00741560050959,"Parts":[{"Type":5,"Count":347,"Points":[[101.51768471400004,6.6738381200000276],[101.51988232300005,6.6713963640000316],[101.52207987900005,6.6689545750000434],[101.52671450200006,6.66760457700002],[101.53201741700008,6.6673565480000434],[101.53532556400006,6.6660138830000619],[101.53886366200004,6.6664373850000516],[101.54240057600003,6.6666406120000374],[101.54792141400009,6.6657281680000438],[101.54979076600006,6.6647441470000217],[101.55034539000008,6.6643899510000324],[101.54967418300004,6.6628463200000283],[101.54478070800008,6.65668431000006],[101.53677583800004,6.6472236890000431],[101.53653572300004,6.6434687180000651],[101.53674300100005,6.6408157130000518],[101.53893474400007,6.6372691320000285],[101.54267022600004,6.6330515400000536],[101.54640623100005,6.62905478600004],[101.54904580200008,6.6266107240000451],[101.55169274200006,6.6257131480000453],[101.55567049000007,6.6256926840000574],[101.55965165000004,6.6263352920000216],[101.56137364900008,6.6287425300000677],[101.56184663200008,6.6294252620000407],[101.56239346700005,6.6301990490000549],[101.56245462800007,6.6302855930000533],[101.56311534900004,6.631258717000037],[101.56324959500006,6.6314786200000526],[101.56340241500004,6.631771246000028],[101.56357576700003,6.63219545100003],[101.56361205100006,6.6323193170000536],[101.56366647300007,6.632640239000068],[101.56368526900008,6.632806667000068],[101.56371689600007,6.6332738310000536],[101.56368861300007,6.6336519360000352],[101.56357985900007,6.6342404990000432],[101.56348309200007,6.6346624190000512],[101.56332126600006,6.63522871400005],[101.56314935400008,6.635716215000059],[101.56307033200005,6.6359147960000655],[101.56287110700004,6.6363523450000343],[101.56274917600007,6.6366560890000414],[101.56270489300005,6.636804062000067],[101.56267030100008,6.6370616770000765],[101.56264313100007,6.6374561250000284],[101.56264420600007,6.637663959000065],[101.56276928000006,6.6385535260000665],[101.56286010200006,6.6390351410000221],[101.56289836100007,6.6391833770000517],[101.56299842900006,6.6395011960000261],[101.56316302100004,6.6399052420000544],[101.56326269600004,6.6401242490000527],[101.56334758700007,6.640261234000036],[101.56347429100003,6.6404200840000271],[101.56366580500009,6.64058589900003],[101.56422413000007,6.6409748040000522],[101.56442762900008,6.6411105430000248],[101.56514746900007,6.6415906900000437],[101.56608518700006,6.6421626870000523],[101.56666770300006,6.6424949340000694],[101.56679565500008,6.64256791400004],[101.56722818400004,6.6427843880000523],[101.56744763900008,6.6428698020000638],[101.56767340700009,6.6429410730000313],[101.56805808500008,6.6430422720000593],[101.56841346900006,6.6431073400000287],[101.56841479900004,6.6431075370000485],[101.56861993400008,6.6431190920000631],[101.56889463900006,6.643121395000037],[101.56891675400004,6.6431204390000289],[101.56902800300009,6.6431156370000508],[101.56906425600005,6.6431140730000493],[101.56925995500006,6.6430756220000262],[101.56945514800003,6.64301727000003],[101.56945817700006,6.6430161160000694],[101.56977842200007,6.6428803210000638],[101.56994676900007,6.6427925870000308],[101.57021250500009,6.642614821000052],[101.57077954900007,6.6422206690000394],[101.57174695700007,6.6414786890000528],[101.57194190100006,6.6413222820000328],[101.57224746200006,6.6410771270000737],[101.57244142700006,6.6409370670000385],[101.57258755000004,6.64084854500004],[101.57289931700007,6.6406936370000267],[101.57313642900004,6.64059682200002],[101.57325681300006,6.6405575570000224],[101.57341170000007,6.6405271260000518],[101.57372456600007,6.6404848440000706],[101.57394257900006,6.6404806970000436],[101.57413475000004,6.6404935600000385],[101.57430577300005,6.6405103100000247],[101.57460419100005,6.640563539000027],[101.57477398900005,6.6406110950000539],[101.57529020300007,6.640805700000044],[101.57601463200007,6.6411525800000391],[101.57601505500008,6.6411530350000589],[101.57608063200007,6.6410549700000274],[101.57806377800006,6.6399398600000268],[101.57915600200005,6.6375031630000763],[101.57957819400008,6.6337448730000688],[101.58057185400008,6.6319012880000514],[101.58093985100004,6.6312934930000438],[101.58113401300005,6.6310278170000743],[101.58140450400003,6.6307153260000291],[101.58187100100008,6.63008658900003],[101.58250926900007,6.6291029410000419],[101.58267503200005,6.6289099030000216],[101.58280379500008,6.6287986540000361],[101.58284002600004,6.6287750420000293],[101.58329059400006,6.62854255600007],[101.58369727500008,6.6283428980000281],[101.58443141400005,6.6279215970000678],[101.58479536600004,6.6276907490000667],[101.58570728000007,6.6270598540000378],[101.58597744300005,6.6268873420000318],[101.58644625900007,6.6265540670000291],[101.58668031700006,6.6263736420000328],[101.58628196000007,6.6263469540000415],[101.58526823900007,6.6260630300000685],[101.58428899600006,6.6255620410000233],[101.58345395700007,6.6248795560000531],[101.58280002200007,6.6242684450000411],[101.58185468700003,6.623225059000049],[101.58072762000006,6.6220012750000592],[101.57954337300004,6.6211788510000247],[101.57820608800006,6.6203696160000618],[101.57697192800003,6.6193999690000282],[101.57638809600007,6.6183546980000756],[101.57591009100008,6.6168022170000427],[101.57593929400008,6.6154645510000591],[101.57638394900005,6.6140705060000755],[101.57699026900008,6.6124762440000495],[101.57712714400009,6.6108793480000259],[101.57690055800003,6.6091148770000245],[101.57638866300005,6.6079963340000631],[101.57544035000007,6.6063745560000484],[101.57477279400007,6.6047541220000312],[101.57407452500007,6.6030909190000671],[101.57366406100005,6.6014844070000436],[101.57387009600006,6.5999294950000262],[101.57439680900006,6.5983429920000276],[101.57562403000009,6.5964495880000413],[101.57653241300005,6.5950576630000342],[101.57769964300007,6.5937993980000442],[101.57914693600009,6.5926351510000245],[101.58087772900007,6.59168635900005],[101.58239205200005,6.5910295520000659],[101.58448693600008,6.5905832150000379],[101.58603619300004,6.5903571580000744],[101.58777468000005,6.5901323810000463],[101.58921588000004,6.5892206420000434],[101.58983163500005,6.5878217860000632],[101.59051497900003,6.5863931940000384],[101.59185538700007,6.5852147960000593],[101.59313920700004,6.5842315320000466],[101.59413213600004,6.5834661480000705],[101.59524772200007,6.5826136830000337],[101.59607397300005,6.5816215060000332],[101.59630428000008,6.5812724010000352],[101.59669320600005,6.5806824200000733],[101.59694760600007,6.5796418040000617],[101.59694436200005,6.57901769700004],[101.59678387300005,6.5781351760000462],[101.59668353800004,6.5779515460000653],[101.59641666300007,6.5774609940000346],[101.59542181500007,6.57611455600005],[101.59458504100007,6.5751835400000687],[101.59406139500004,6.5744062480000593],[101.59390360700007,6.5740433120000716],[101.59379620500005,6.5733683680000468],[101.59389740600005,6.572847614000068],[101.59425576000007,6.5718064950000326],[101.59451097100003,6.5709212330000355],[101.59471152600008,6.5695166200000585],[101.59464081600004,6.5686217540000484],[101.59452806100006,6.5677909230000751],[101.59430857600006,6.5672859740000717],[101.59394410900006,6.5667094920000295],[101.59368866400007,6.5663493550000567],[101.59310826900008,6.565954136000073],[101.59243153100005,6.56560236200005],[101.59039892100009,6.5648571540000376],[101.58835707600008,6.5637408990000381],[101.58691392100008,6.5626215030000594],[101.58577825200007,6.561006902000031],[101.58466743800005,6.5596101620000695],[101.58340472000003,6.557880970000042],[101.58209005400005,6.556270095000059],