{"ShapeType":5,"Count":928,"Bound":{"Left":97.343358471000045,"Top":5.613037873000053,"Right":105.63696451800007,"Bottom":20.465073815000061},"Shapes":[{"RecordNo":25,"ShapeType":5,"ADM0_EN":"Thailand","ADM0_PCODE":"TH","ADM1_EN":"Bangkok","ADM1_PCODE":"TH10","ADM2_EN":"Bang Phlat","ADM2_PCODE":"TH1025","ADM3_EN":null,"ADM3_PCODE":null,"SHAPE_LENGTH":0.154847392614,"SHAPE_AREA":0.000991368250715,"Parts":[{"Type":5,"Count":272,"Points":[[100.50835584400005,13.788996730000065],[100.50561307600003,13.786370919000035],[100.50546406900008,13.786203153000031],[100.50525733400008,13.785970392000024],[100.50477685900006,13.785331120000024],[100.50434241800008,13.784652797000035],[100.50365272200008,13.783575449000068],[100.50230626600006,13.781154220000076],[100.49977607900007,13.774613586000044],[100.49903981300008,13.77266572700006],[100.49828886200004,13.771095408000065],[100.49768161800006,13.769836587000043],[100.49663182600006,13.768085862000078],[100.49534993900005,13.766217776000076],[100.49499744700006,13.765741690000027],[100.49483626800009,13.765562309000075],[100.49437017900004,13.765043581000043],[100.49097198800007,13.761928724000029],[100.49045401200004,13.762787853000077],[100.49024472000008,13.763045030000058],[100.49004171800004,13.763305414000058],[100.48969386900006,13.763740128000052],[100.48945347500006,13.764051377000044],[100.48929807700006,13.76424637100007],[100.48905701000007,13.764544923000074],[100.48881522800008,13.764876741000023],[100.48864828700005,13.765086240000073],[100.48734084800009,13.766684373000032],[100.48714331400004,13.766932225000062],[100.48701321000004,13.76709717600005],[100.48694258600006,13.767185434000055],[100.48669655600008,13.767490528000053],[100.48661648800004,13.767590368000072],[100.48638572700008,13.767878104000033],[100.48604979300006,13.768302315000028],[100.48580113800006,13.768613941000069],[100.48549032500006,13.769010379000065],[100.48523908300007,13.769335046000037],[100.48506452800007,13.769558922000044],[100.48482252500008,13.769869201000063],[100.48472733200003,13.769994867000037],[100.48462330900009,13.770147290000068],[100.48454083600007,13.770259045000046],[100.48450756600005,13.770302897000022],[100.48442721700008,13.770391498000038],[100.48427769800009,13.770569613000077],[100.48411241800005,13.770785609000029],[100.48394444900004,13.770997715000021],[100.48363015300004,13.771404369000038],[100.48341070100008,13.77168421600004],[100.48322469300007,13.771916218000058],[100.48307808100009,13.772093013000074],[100.48293072500007,13.772271278000062],[100.48276026200006,13.772471670000073],[100.48259574100007,13.772662499000035],[100.48245578700005,13.772825324000053],[100.48190844100009,13.77342628200006],[100.48185779300007,13.773480525000025],[100.48163781300008,13.77371905900003],[100.48145848400009,13.773911553000062],[100.48121154800003,13.774179229000026],[100.48100867700003,13.774398785000074],[100.48072585600005,13.774701736000054],[100.48043610400003,13.775014531000068],[100.48022231200008,13.77524113000004],[100.48003387200004,13.775444644000061],[100.47977753200007,13.775718354000048],[100.47962658200004,13.775881769000023],[100.47944828500005,13.776076249000028],[100.47925779800005,13.776278780000041],[100.47900552700008,13.776550473000043],[100.47880897300007,13.776762016000077],[100.47845842300006,13.777138980000075],[100.47815649500006,13.777462812000067],[100.47790827500006,13.777730492000046],[100.47750096400006,13.77816561700007],[100.47727909300005,13.778406220000022],[100.47714600900008,13.77855164600004],[100.47685762000003,13.778860376000068],[100.47666815600007,13.779063893000057],[100.47649895800004,13.779246358000023],[100.47626795600007,13.779494992000025],[100.47604505400005,13.77973460100003],[100.47584747100007,13.77994515000006],[100.47562355700006,13.780185763000077],[100.47547160400006,13.780353168000033],[100.47525883700007,13.780581751000057],[100.47504402500005,13.780810346000067],[100.47490725500006,13.780959711000037],[100.47457389600004,13.781314638000026],[100.47432062300004,13.781591318000039],[100.47418382000006,13.781734700000072],[100.47408350000006,13.781840981000073],[100.47400855800004,13.781923522000056],[100.47260841600007,13.783327094000072],[100.47255053200007,13.783390387000054],[100.47219735400006,13.783764305000034],[100.47198017600005,13.783998416000031],[100.47177712500007,13.78421854100003],[100.47155288200008,13.784459641000069],[100.47129503200006,13.784728744000063],[100.47107783000007,13.784959380000032],[100.47088191900008,13.785175280000033],[100.47070410500004,13.785362028000066],[100.47046274900004,13.785621476000074],[100.47029093800006,13.785809165000046],[100.47005454800006,13.78606271600006],[100.46985987400007,13.786272042000064],[100.46971184400007,13.786425382000061],[100.46963927900004,13.786498073000075],[100.46917075100004,13.787032779000072],[100.46910599100005,13.787104732000046],[100.46906609700005,13.787140256000043],[100.46900374700005,13.787190142000043],[100.46896791500006,13.787216417000025],[100.46890287300005,13.787262414000054],[100.46878997400006,13.787330848000067],[100.46870225200007,13.787374369000077],[100.46835173000005,13.787523200000067],[100.46791692800008,13.787582812000039],[100.46773692800008,13.787604732000034],[100.46751181700006,13.787613028000067],[100.46744631900003,13.78761473700007],[100.46739332500005,13.787616049000064],[100.46729609300007,13.787607362000074],[100.46722370100008,13.787592698000026],[100.46709015400006,13.787550061000047],[100.46692676400005,13.787498275000075],[100.46637852900005,13.787308437000036],[100.46593869000009,13.787158609000073],[100.46597927400006,13.787567289000037],[100.46617480400005,13.788903247000064],[100.46617687000008,13.788917403000028],[100.46737297500005,13.789190900000051],[100.46815001000005,13.789379181000072],[100.46889368400008,13.78954473400006],[100.46940053500003,13.789654399000028],[100.46988786100008,13.789766087000032],[100.47033600400005,13.789862733000064],[100.47110510900006,13.790031949000024],[100.47170181100006,13.790172824000024],[100.47210404100008,13.790270693000025],[100.47260470000003,13.790405219000036],[100.47297768400006,13.790514723000058],[100.47335074300008,13.790635687000076],[100.47367246400006,13.790751227000044],[100.47406175300006,13.790889281000034],[100.47462383600004,13.79108986600005],[100.47505793500005,13.791244126000038],[100.47531107300006,13.791337886000065],[100.47569195700004,13.791507754000065],[100.47601045400006,13.791649801000062],[100.47626468200008,13.791754286000071],[100.47657032000006,13.791875643000026],[100.47696554300006,13.792023688000029],[100.47735779000004,13.792166016000067],[100.47793217200007,13.792368848000024],[100.47840086600007,13.792546529000049],[100.47910213100005,13.792793184000061],[100.47947894700008,13.792928440000026],[100.47982596500003,13.793045605000032],[100.47994084400006,13.793079763000037],[100.48296090600007,13.794080198000074],[100.48336887500005,13.79421534100004],[100.48405522100006,13.794466421000038],[100.48463148200005,13.794674591000046],[100.48529147300008,13.794911270000057],[100.48602528300006,13.795174363000058],[100.48641313000007,13.795313842000041],[100.48669960000007,13.795416319000026],[100.48694090600009,13.795502959000032],[100.48747858600007,13.79569417700003],[100.48780803400007,13.795812511000065],[100.48841954600005,13.796032288000049],[100.48899578600003,13.796236148000048],[100.48950484200009,13.796421090000024],[100.49002492700004,13.796610255000076],[100.49091302700003,13.796931480000069],[100.49128657500006,13.797069960000044],[100.49192788400006,13.797305657000038],[100.49224964600006,13.797425109000074],[100.49257138200005,13.797540261000052],[100.49287440300009,13.797651236000036],[100.49310467900006,13.797732570000051],[100.49350134200006,13.797875196000064],[100.49397290100006,13.798038862000055],[100.49427238000004,13.798142494000047],[100.49461967200006,13.798269148000031],[100.49490556500007,13.798373650000031],