{"ShapeType":5,"Count":928,"Bound":{"Left":97.343358471000045,"Top":5.613037873000053,"Right":105.63696451800007,"Bottom":20.465073815000061},"Shapes":[{"RecordNo":2,"ShapeType":5,"ADM0_EN":"Thailand","ADM0_PCODE":"TH","ADM1_EN":"Bangkok","ADM1_PCODE":"TH10","ADM2_EN":"Dusit","ADM2_PCODE":"TH1002","ADM3_EN":null,"ADM3_PCODE":null,"SHAPE_LENGTH":0.134131773837,"SHAPE_AREA":0.000950191398466,"Parts":[{"Type":5,"Count":176,"Points":[[100.52000225300009,13.800000515000022],[100.52073628900007,13.799924979000025],[100.52141439000008,13.799936559000059],[100.52211696500007,13.79998742500004],[100.52240717700005,13.799930410000059],[100.52302744500008,13.799737238000034],[100.52351939100004,13.799671081000042],[100.52381767700007,13.799614010000028],[100.52442836400007,13.799390776000053],[100.52482717400005,13.799234199000068],[100.52500224000005,13.799197530000072],[100.52508771100008,13.799191029000042],[100.52559527700004,13.799253097000076],[100.52569409200004,13.799245564000046],[100.52573734600009,13.799229978000028],[100.52579763900008,13.79920824800007],[100.52606791000005,13.799074072000053],[100.52663286100005,13.798724910000033],[100.52680728100006,13.798666644000036],[100.52681127900007,13.798665552000045],[100.52691307400005,13.798637739000071],[100.52709937000009,13.798630710000055],[100.52733972000004,13.798648782000043],[100.52789923700004,13.79879023500007],[100.52809065600007,13.798837694000042],[100.52818835400007,13.798839758000042],[100.52864475500007,13.798851712000044],[100.52901525700008,13.798801377000075],[100.52954161000008,13.798671474000059],[100.53020609200007,13.798483949000058],[100.53097830600007,13.798374343000035],[100.53172857800007,13.798326003000057],[100.53233099200008,13.798213085000043],[100.53320382600003,13.799827589000074],[100.53349133200004,13.799701139000035],[100.53358344100008,13.799652434000052],[100.53405375200003,13.799429190000069],[100.53489832400004,13.798991143000023],[100.53550577200008,13.798708216000023],[100.53585366000004,13.798510632000046],[100.53678423400004,13.798051699000041],[100.53709554900007,13.797925427000052],[100.53718027000008,13.797888758000056],[100.53742427600008,13.79785442900004],[100.53736816900005,13.797715671000049],[100.53734782300006,13.797665351000035],[100.53729046200004,13.79752349100005],[100.53709532100004,13.79704087500005],[100.53674445400009,13.796185480000077],[100.53640187800005,13.795344701000033],[100.53606341400007,13.794506564000074],[100.53573054800006,13.793689727000071],[100.53535466400007,13.792762463000031],[100.53497319600007,13.791816554000036],[100.53467912100007,13.791087505000064],[100.53433516200005,13.790241393000031],[100.53392600000007,13.789231645000029],[100.53351686300005,13.788225888000056],[100.53315478600007,13.787321206000058],[100.53270406100006,13.786214348000044],[100.53234066100004,13.785315000000026],[100.53204664400005,13.78459127800005],[100.53156953300004,13.783412559000055],[100.53119784800003,13.782495924000045],[100.53085523000004,13.781643128000042],[100.53043509100007,13.780620094000028],[100.53003837800009,13.779630261000023],[100.52971113000007,13.778830721000077],[100.52948512300009,13.778279954000027],[100.52915785100004,13.777476411000066],[100.52888326100003,13.776799243000028],[100.52862527900004,13.77615798000005],[100.52823846200005,13.775218762000066],[100.52788649100006,13.774338363000027],[100.52785126200007,13.774264534000054],[100.52759729900004,13.773718661000032],[100.52747753400007,13.773416845000043],[100.52731006200008,13.772996425000031],[100.52714906600005,13.772594036000044],[100.52699935800007,13.772236783000039],[100.52683024700008,13.771826525000051],[100.52665102700007,13.771375665000051],[100.52632444400007,13.770573211000055],[100.52615286200006,13.77014263600006],[100.52582038900005,13.769319851000034],[100.52554456000007,13.768584868000062],[100.52480683900006,13.766698580000025],[100.52421535400003,13.765307220000068],[100.52363292900009,13.763900900000067],[100.52300354900007,13.762307074000034],[100.52234652900006,13.760680619000027],[100.52189394000004,13.759541764000062],[100.52141774800003,13.758418558000074],[100.52091912400005,13.757113695000044],[100.52075870500005,13.756716148000066],[100.52043421600007,13.755886283000052],[100.51984434300005,13.754393984000046],[100.51916671800007,13.752732672000036],[100.51913372800004,13.752637297000035],[100.51906870300007,13.752653449000036],[100.51846795500006,13.75279047600003],[100.51754733500007,13.75307183700005],[100.51747875300003,13.753082764000055],[100.51737146000005,13.753099860000077],[100.51736293000005,13.753771040000061],[100.51729045200005,13.754387224000027],[100.51725218300004,13.754582741000036],[100.51717096400006,13.754997682000067],[100.51716196900009,13.755026125000029],[100.51688128000006,13.755690600000037],[100.51641122200005,13.756631145000029],[100.51636838200005,13.756712125000036],[100.51596438600006,13.757221289000029],[100.51590698200005,13.757289496000055],[100.51576900300006,13.757421519000047],[100.51553222700005,13.757660448000024],[100.51488144900009,13.75828414700004],[100.51423062400005,13.75890105700006],[100.51366732100007,13.759456362000037],[100.51298664500007,13.760109641000042],[100.51290307300008,13.760188055000072],[100.51254506300006,13.760523973000034],[100.51202030500008,13.761049606000029],[100.51192662900007,13.761142938000035],[100.51153354700006,13.761543403000076],[100.51105313000005,13.762037134000025],[100.51073809900004,13.762342129000047],[100.51062476100009,13.762457791000031],[100.51041307400004,13.762673824000046],[100.50985750400008,13.763243781000028],[100.50965560900005,13.763440238000044],[100.50960305100006,13.763483800000074],[100.50939924600004,13.763650817000041],[100.50925634600009,13.763785878000022],[100.50873113900008,13.764356325000051],[100.50809057400005,13.765056248000064],[100.50753250800005,13.765643852000039],[100.50714448800005,13.766060913000047],[100.50678802500005,13.766448420000074],[100.50625910900004,13.76707534600007],[100.50569433400005,13.767693500000064],[100.50510455400007,13.768381816000044],[100.50443605000004,13.769146372000023],[100.50385681900008,13.76977598700006],[100.50367363600009,13.769952149000062],[100.50308254500004,13.770442751000076],[100.50241242200008,13.770950796000022],[100.50182914300007,13.771390479000047],[100.50131706400003,13.771761966000042],[100.50081060500008,13.772012499000027],[100.50036580200003,13.772236693000025],[100.49996455900003,13.772401830000035],[100.49950241300007,13.772532345000059],[100.49903981300008,13.77266572700006],[100.49977607900007,13.774613586000044],[100.50230626600006,13.781154220000076],[100.50365272200008,13.783575449000068],[100.50434241800008,13.784652797000035],[100.50477685900006,13.785331120000024],[100.50525733400008,13.785970392000024],[100.50546406900008,13.786203153000031],[100.50561307600003,13.786370919000035],[100.50835584400005,13.788996730000065],[100.51388685400008,13.795300032000057],[100.51450481700005,13.796156336000024],[100.51530768200007,13.797392080000066],[100.51553373400009,13.797840433000033],[100.51578576900005,13.798429942000041],[100.51592063900006,13.798825665000038],[100.51649756100005,13.800358098000061],[100.51724292900008,13.800289589000045],[100.51834167700008,13.800197534000063],[100.51901998100004,13.800185256000077],[100.51909087900003,13.800179227000058],[100.51944926100003,13.800122472000055],[100.52000225300009,13.800000515000022]]}]}]}