{"ShapeType":5,"Count":928,"Bound":{"Left":97.343358471000045,"Top":5.613037873000053,"Right":105.63696451800007,"Bottom":20.465073815000061},"Shapes":[{"RecordNo":1,"ShapeType":5,"ADM0_EN":"Thailand","ADM0_PCODE":"TH","ADM1_EN":"Bangkok","ADM1_PCODE":"TH10","ADM2_EN":"Phra Nakhon","ADM2_PCODE":"TH1001","ADM3_EN":null,"ADM3_PCODE":null,"SHAPE_LENGTH":0.0854173345181,"SHAPE_AREA":0.000450468542126,"Parts":[{"Type":5,"Count":123,"Points":[[100.50074689700006,13.741065110000022],[100.49980669000007,13.738632557000074],[100.49958228100007,13.738692646000061],[100.49872083100007,13.738917109000056],[100.49810395400004,13.739102028000048],[100.49764789800008,13.739218486000027],[100.49627043700008,13.739586098000075],[100.49557554100005,13.739793820000045],[100.49458268600006,13.740214223000066],[100.49344123700007,13.740802218000056],[100.49337394500009,13.740852315000041],[100.49311527500004,13.741076478000025],[100.49244401700008,13.74167151100005],[100.49229917900004,13.741796685000054],[100.49208791800004,13.742026227000054],[100.49196979800007,13.742172671000049],[100.49194571400005,13.742203325000048],[100.49160805300005,13.742686763000052],[100.49037777400008,13.744448170000055],[100.48984982700006,13.745303866000029],[100.48902393700007,13.746642449000035],[100.48863577300006,13.747409744000038],[100.48829925000007,13.748209494000037],[100.48827419900005,13.748267299000077],[100.48815309000008,13.748672532000057],[100.48797779600005,13.749380932000065],[100.48787110200004,13.750149934000035],[100.48778286600003,13.750908647000074],[100.48770084500006,13.751834561000067],[100.48764453700005,13.75270722700003],[100.48767867000004,13.753445987000077],[100.48769489900008,13.754275260000043],[100.48770716700005,13.754940734000059],[100.48773004400005,13.755270531000065],[100.48776910000004,13.755775398000026],[100.48781155800003,13.756092634000027],[100.48786876500009,13.756459512000049],[100.48794001000005,13.756848931000036],[100.48810900800004,13.757433211000034],[100.48839387100009,13.758149010000068],[100.48881790700006,13.759033440000053],[100.48924411400009,13.759799222000027],[100.48925283700004,13.759812719000024],[100.48969834200005,13.760520735000057],[100.49024585900008,13.76118748600004],[100.49084232200005,13.761818902000073],[100.49097198800007,13.761928724000029],[100.49437017900004,13.765043581000043],[100.49483626800009,13.765562309000075],[100.49499744700006,13.765741690000027],[100.49534993900005,13.766217776000076],[100.49663182600006,13.768085862000078],[100.49768161800006,13.769836587000043],[100.49828886200004,13.771095408000065],[100.49903981300008,13.77266572700006],[100.49950241300007,13.772532345000059],[100.49996455900003,13.772401830000035],[100.50036580200003,13.772236693000025],[100.50081060500008,13.772012499000027],[100.50131706400003,13.771761966000042],[100.50182914300007,13.771390479000047],[100.50241242200008,13.770950796000022],[100.50308254500004,13.770442751000076],[100.50367363600009,13.769952149000062],[100.50385681900008,13.76977598700006],[100.50443605000004,13.769146372000023],[100.50510455400007,13.768381816000044],[100.50569433400005,13.767693500000064],[100.50625910900004,13.76707534600007],[100.50678802500005,13.766448420000074],[100.50714448800005,13.766060913000047],[100.50753250800005,13.765643852000039],[100.50809057400005,13.765056248000064],[100.50873113900008,13.764356325000051],[100.50925634600009,13.763785878000022],[100.50939924600004,13.763650817000041],[100.50929485300009,13.763440338000066],[100.50907073100007,13.76294689100007],[100.50896650300007,13.762717419000069],[100.50887880300007,13.762524324000026],[100.50852591300009,13.761747372000059],[100.50847640500007,13.761638362000042],[100.50829838200008,13.761262533000036],[100.50809950900003,13.760841566000067],[100.50789645500004,13.760411744000066],[100.50767319900007,13.75995215100005],[100.50699063100007,13.75849125600007],[100.50691086800003,13.758320542000035],[100.50683929600007,13.758167356000058],[100.50656882600003,13.757597020000048],[100.50640319600007,13.757247756000027],[100.50633073900008,13.757094968000047],[100.50629346100004,13.757014524000056],[100.50621936400006,13.756854622000049],[100.50614307700005,13.756690002000028],[100.50613650000008,13.756675123000036],[100.50613551500004,13.756673678000027],[100.50599678700007,13.756374314000027],[100.50593726900007,13.756332202000067],[100.50584509300006,13.756266981000067],[100.50570793800006,13.756182284000033],[100.50598697000004,13.755705414000033],[100.50602411500006,13.755638540000064],[100.50603755400005,13.755571770000074],[100.50604178800006,13.755510733000051],[100.50601514000005,13.755413736000037],[100.50597573100004,13.755304347000049],[100.50554288800004,13.753782602000058],[100.50516118700006,13.752112763000071],[100.50442093300006,13.748960258000068],[100.50417289200004,13.747948233000045],[100.50411586300004,13.747706773000061],[100.50408379700008,13.747572489000049],[100.50389819800006,13.746847599000034],[100.50366179900004,13.745818729000064],[100.50351937300007,13.745382999000071],[100.50346421100005,13.745215853000047],[100.50337049700005,13.745036152000068],[100.50318366600004,13.744752282000036],[100.50272896800004,13.744115642000054],[100.50153601100004,13.742377839000028],[100.50093297900008,13.741386934000047],[100.50074689700006,13.741065110000022]]}]}]}