{"ShapeType":5,"Count":928,"Bound":{"Left":97.343358471000045,"Top":5.613037873000053,"Right":105.63696451800007,"Bottom":20.465073815000061},"Shapes":[{"RecordNo":28,"ShapeType":5,"ADM0_EN":"Thailand","ADM0_PCODE":"TH","ADM1_EN":"Bangkok","ADM1_PCODE":"TH10","ADM2_EN":"Sathon","ADM2_PCODE":"TH1028","ADM3_EN":null,"ADM3_PCODE":null,"SHAPE_LENGTH":0.133628384955,"SHAPE_AREA":0.000604550759158,"Parts":[{"Type":5,"Count":255,"Points":[[100.55291228900006,13.722771623000028],[100.55337799500006,13.719160352000074],[100.55375391500007,13.716543495000053],[100.55347305000004,13.716448814000046],[100.55331317600007,13.71638768300005],[100.55309937900006,13.716303119000031],[100.55293887800008,13.716238611000051],[100.55285515900005,13.716510296000024],[100.55277146500004,13.716789917000028],[100.55274095600004,13.716892921000067],[100.55266465500006,13.717154436000044],[100.55264174500007,13.717277721000073],[100.55258035200006,13.717602408000062],[100.55253481300008,13.717798149000032],[100.55248158700005,13.718054991000031],[100.55245861700007,13.718074351000041],[100.55244303700005,13.718077814000026],[100.55240485000007,13.718069023000055],[100.55237472300007,13.718061284000044],[100.55232090400006,13.718048064000072],[100.55225260200007,13.718028182000069],[100.55217622500004,13.718011704000048],[100.55210737000004,13.718000829000062],[100.55203858600004,13.717996760000062],[100.55196230800004,13.717999490000068],[100.55190918200003,13.718005489000063],[100.55181744300006,13.718024144000026],[100.55172576700005,13.718055211000035],[100.55163465800007,13.718086299000049],[100.55157353100009,13.71810815200007],[100.55145136300007,13.718152992000057],[100.55131412700007,13.718202424000026],[100.55109281100005,13.718288572000063],[100.55093254700006,13.718348316000061],[100.55074923500007,13.718419530000062],[100.55056647900005,13.718487325000069],[100.55044427200005,13.718533305000051],[100.55023846900008,13.718605772000046],[100.55007819000008,13.718663290000052],[100.54991043200005,13.718723098000055],[100.54978821700007,13.718767914000068],[100.54970404600005,13.718797801000051],[100.54966598800007,13.718810503000043],[100.54949828900004,13.718879342000037],[100.54939916300003,13.718924012000059],[100.54925137200007,13.719043719000069],[100.54906357200008,13.719208620000075],[100.54904478800006,13.71922581900003],[100.54903539900005,13.719234413000038],[100.54901760900003,13.719250706000025],[100.54871976300007,13.718851464000068],[100.54841443400005,13.71842100300006],[100.54802786000005,13.717886572000055],[100.54788005100005,13.717659256000047],[100.54757439200006,13.717178974000035],[100.54732379800004,13.716822107000041],[100.54713969600005,13.716575730000045],[100.54699677900004,13.716343563000066],[100.54680254800007,13.716057068000055],[100.54666977100004,13.715865019000034],[100.54640751100004,13.715484117000074],[100.54590281100008,13.71473343200006],[100.54555430100004,13.714235733000066],[100.54536505600004,13.713957237000045],[100.54500308600007,13.713411398000062],[100.54461602400005,13.712799817000075],[100.54434353200008,13.712361111000064],[100.54430539600008,13.712311520000071],[100.54426234900006,13.712265172000059],[100.54420777100006,13.712215690000051],[100.54381641800006,13.711952924000059],[100.54314117400008,13.711518338000076],[100.54264752500006,13.711199951000026],[100.54203997900004,13.710809942000026],[100.54168185800006,13.710600009000075],[100.54194014900008,13.710124232000055],[100.54256253700004,13.709023340000044],[100.54320339400005,13.707802055000059],[100.54361431700005,13.707010786000069],[100.54275390500004,13.706615576000047],[100.54190639300003,13.706254154000021],[100.54172462200006,13.706152473000032],[100.54139642200005,13.705953520000037],[100.54044059700004,13.705297039000072],[100.54020873500008,13.705134294000061],[100.53914642200004,13.704425389000051],[100.53889671800005,13.704875410000057],[100.53830047800005,13.705987269000048],[100.53810421100008,13.70633938800006],[100.53763623100008,13.707178990000045],[100.53761001900006,13.707226007000031],[100.53728150400008,13.707045167000047],[100.53640146800007,13.706547718000024],[100.53515170800006,13.705823959000043],[100.53455269800008,13.705652001000033],[100.53416061700006,13.705539446000046],[100.53372395900004,13.705485272000033],[100.53328757500009,13.705431139000041],[100.53188647900004,13.705478821000042],[100.53145834300005,13.705512255000031],[100.53081862900007,13.705562216000033],[100.53055589900004,13.705609568000057],[100.53022898200004,13.705674453000029],[100.52939120600007,13.705833940000048],[100.52886228900007,13.705941735000067],[100.52863096500005,13.70598525500003],[100.52862242000003,13.705889214000024],[100.52862704900008,13.705856594000068],[100.52895206800008,13.705045908000045],[100.52946387300005,13.703785887000038],[100.52969835000005,13.703183294000041],[100.52994573900008,13.702543641000034],[100.52934312100007,13.702284539000061],[100.52861754200006,13.701939694000032],[100.52806338900007,13.701664508000022],[100.52741896900005,13.701327732000038],[100.52717913000004,13.701185623000072],[100.52694950000006,13.701043152000068],[100.52629554900005,13.701774368000031],[100.52575088500004,13.701157647000059],[100.52568333800008,13.701106630000027],[100.52563063700006,13.701092663000054],[100.52502834500007,13.701056374000075],[100.52492442600004,13.700885524000057],[100.52425690200005,13.701359383000067],[100.52350884500004,13.701946926000062],[100.52292877500008,13.702411271000074],[100.52219183100004,13.702987620000044],[100.52146088900008,13.703547595000032],[100.52064289600008,13.704169848000049],[100.52002922100007,13.703585317000034],[100.52000144700008,13.703558122000061],[100.51998665300005,13.703543638000042],[100.51967571900008,13.703222842000059],[100.51966241000008,13.703230845000064],[100.51924741400006,13.703475758000025],[100.51860070500004,13.703820957000062],[100.51757146600005,13.704100848000053],[100.51677826200006,13.704303251000056],[100.51572353400007,13.70458618300006],[100.51462529600008,13.704920816000026],[100.51495942100007,13.70540955000007],[100.51514524600003,13.705674160000058],[100.51544912400004,13.706231655000067],[100.51555432100008,13.706436598000039],[100.51563336300006,13.706590574000074],[100.51590229600004,13.70716757200006],[100.51601585200007,13.707429583000021],[100.51615149100007,13.707742554000049],[100.51637809800008,13.708212654000022],[100.51653844500004,13.70860600900005],[100.51681001800006,13.709251571000038],[100.51687479400005,13.709439767000049],[100.51695374000008,13.709648942000058],[100.51690765900008,13.709658829000034],[100.51648302600006,13.709749948000024],[100.51581932500005,13.709890242000029],[100.51492165600007,13.710078982000027],[100.51434287000006,13.710193437000044],[100.51428124900008,13.710198637000076],[100.51411358900003,13.71020328000003],[100.51408157000009,13.710209501000065],[100.51371841100007,13.710300934000031],[100.51333923700008,13.710394875000077],[100.51328625000008,13.710400022000044],[100.51316793600006,13.710409184000071],[100.51303611800006,13.71042686800007],[100.51241195800009,13.710581378000029],[100.51211645900008,13.710648283000069],[100.51171654700005,13.710777308000047],[100.51130426800006,13.710900383000023],[100.51121808100004,13.710920200000032],[100.51113558200007,13.710937581000053],[100.51089166400004,13.710972825000056],[100.51066382400006,13.71101520700006],[100.51046318700008,13.711069476000034],[100.50995561700006,13.711192769000036],[100.50983464000007,13.711231659000077],[100.50974251000008,13.711264868000058],[100.50946272600004,13.71136572100005],[100.50943105400006,13.711383753000064],[100.50928364900005,13.711467689000074],[100.50913123000004,13.71157437200003],[100.50904859400004,13.711638496000035],[100.50817089700007,13.712460984000074],[100.50949068300008,13.714170391000039],[100.50971427400003,13.714513016000069],[100.51003773800005,13.715008686000033],[100.51037129800005,13.715519818000075],[100.51053059300006,