{"ShapeType":5,"Count":928,"Bound":{"Left":97.343358471000045,"Top":5.613037873000053,"Right":105.63696451800007,"Bottom":20.465073815000061},"Shapes":[{"RecordNo":18,"ShapeType":5,"ADM0_EN":"Thailand","ADM0_PCODE":"TH","ADM1_EN":"Bangkok","ADM1_PCODE":"TH10","ADM2_EN":"Khlong San","ADM2_PCODE":"TH1018","ADM3_EN":null,"ADM3_PCODE":null,"SHAPE_LENGTH":0.0869282807032,"SHAPE_AREA":0.000495930209384,"Parts":[{"Type":5,"Count":166,"Points":[[100.49913267400007,13.70538606100007],[100.49863760900007,13.705137064000041],[100.49753286100008,13.706762484000024],[100.49739811900008,13.706958611000061],[100.49654937300005,13.708227248000071],[100.49598178900004,13.708936913000059],[100.49592697500003,13.709028774000046],[100.49580893600006,13.709562807000054],[100.49557329900006,13.709950670000069],[100.49528858300005,13.710159174000069],[100.49508990800007,13.710272235000048],[100.49490067000005,13.71040444700003],[100.49474262700005,13.710540995000031],[100.49417468400009,13.711446390000049],[100.49405601500007,13.711613868000029],[100.49389529700005,13.711833639000076],[100.49375622800005,13.712010912000039],[100.49361975100004,13.712194650000072],[100.49349034800008,13.71236887200007],[100.49336499100008,13.712537592000047],[100.49325099900005,13.712730663000059],[100.49316879700007,13.712871705000055],[100.49314612700005,13.712914210000065],[100.49313926300005,13.712957610000046],[100.49312214600008,13.713090259000069],[100.49309355200006,13.71329776500005],[100.49309454700006,13.713509997000074],[100.49304394200004,13.714059703000032],[100.49304048800008,13.714246222000043],[100.49304013800008,13.714290214000073],[100.49303993200005,13.71431612300006],[100.49303588200007,13.715342257000032],[100.49304882400008,13.715737647000026],[100.49305474800008,13.715769262000038],[100.49310412000006,13.716264960000046],[100.49310710200007,13.716461591000041],[100.49308660400004,13.71668767400007],[100.49309601700008,13.716804032000027],[100.49313508200004,13.717138251000051],[100.49317932800005,13.718104058000051],[100.49318013000004,13.71814022500007],[100.49317533500005,13.718657758000063],[100.49307438600005,13.719781513000044],[100.49302489200005,13.720085754000024],[100.49295223000007,13.720851144000051],[100.49297388300005,13.720980933000021],[100.49295764100003,13.72105904600005],[100.49292045600004,13.721120288000066],[100.49287356900004,13.72134330800003],[100.49278463700006,13.721766322000065],[100.49243368300006,13.722552603000054],[100.49232466900008,13.72286172400004],[100.49231381800007,13.72288216000004],[100.49220608400003,13.723118958000043],[100.49224321700007,13.723229476000029],[100.49234438000008,13.72358332500005],[100.49255473800008,13.72423843100006],[100.49269148800005,13.724629090000065],[100.49272522800004,13.72470941000006],[100.49276646000004,13.724842832000036],[100.49281422000007,13.724980078000044],[100.49288673600006,13.725163014000032],[100.49293676300005,13.725336120000065],[100.49298255300005,13.725483345000043],[100.49301131000004,13.725517055000069],[100.49318681900007,13.725543899000058],[100.49328184500007,13.725567550000051],[100.49345375500008,13.725636358000031],[100.49346094800006,13.725639239000032],[100.49347360400009,13.725646837000056],[100.49354900300006,13.725692103000029],[100.49361935800005,13.725734339000042],[100.49364395500004,13.725758701000075],[100.49373621100006,13.725850069000046],[100.49380140100004,13.725936779000051],[100.49384755600005,13.72603569000006],[100.49386900500008,13.726131618000068],[100.49387483400005,13.726178900000036],[100.49387253700007,13.726253530000065],[100.49385932500007,13.726344375000053],[100.49383043800003,13.726471215000061],[100.49380060500005,13.726615236000043],[100.49377441800004,13.726711456000032],[100.49373615200005,13.726781545000051],[100.49365635100008,13.726875179000047],[100.49357932500004,13.726936770000066],[100.49350902200007,13.726986727000053],[100.49410585400005,13.728814898000053],[100.49471330600005,13.730560336000053],[100.49482565500006,13.730868009000062],[100.49487183400004,13.730994476000035],[100.49531366000008,13.732238371000051],[100.49564700000008,13.733217506000074],[100.49598038400006,13.734203171000047],[100.49629320200006,13.735104112000045],[100.49643147400008,13.73550139300005],[100.49656045500007,13.735837813000046],[100.49664402300004,13.736030927000059],[100.49680999000009,13.736584675000074],[100.49684425300006,13.736723701000074],[100.49697919300007,13.737251943000047],[100.49698574600006,13.737277598000048],[100.49707213200009,13.737564243000065],[100.49733736200005,13.738328414000023],[100.49764789800008,13.739218486000027],[100.49810395400004,13.739102028000048],[100.49872083100007,13.738917109000056],[100.49958228100007,13.738692646000061],[100.49980669000007,13.738632557000074],[100.50230219700006,13.738082911000049],[100.50303873200005,13.737901153000053],[100.50414268200007,13.737628726000025],[100.50493096700006,13.737424298000065],[100.50578897100007,13.737201783000046],[100.50654231400006,13.736977957000022],[100.50802479200007,13.736197769000057],[100.50912297100007,13.735437713000067],[100.50916477600003,13.735408780000057],[100.50983503800006,13.734816076000072],[100.51030799100005,13.734065891000057],[100.51062285400008,13.733566459000031],[100.51092237800003,13.733091350000052],[100.51131726800008,13.732298203000028],[100.51146413200007,13.731976551000059],[100.51161581100007,13.731644356000061],[100.51201939200007,13.730402467000033],[100.51212986300004,13.730062524000061],[100.51229834900005,13.729392587000064],[100.51271230200007,13.724273723000067],[100.51264180700008,13.722162442000069],[100.51261528400005,13.721817458000032],[100.51250363900005,13.721111257000075],[100.51228971900008,13.720283153000025],[100.51217423200006,13.719848844000069],[100.51203169500008,13.719335614000045],[100.51128845700004,13.717335640000044],[100.51091678400007,13.716506280000033],[100.51053059300006,13.715807893000033],[100.51037129800005,13.715519818000075],[100.51003773800005,13.715008686000033],[100.50971427400003,13.714513016000069],[100.50949068300008,13.714170391000039],[100.50817089700007,13.712460984000074],[100.50811966200007,13.71240253600007],[100.50778174300007,13.711969544000056],[100.50774445200005,13.71192344900004],[100.50746662400007,13.711578252000038],[100.50715849900007,13.711197104000064],[100.50688401100007,13.710923079000054],[100.50660354400009,13.71062196400004],[100.50632703400004,13.710303857000042],[100.50603138200006,13.71006724800003],[100.50567297800006,13.709770005000053],[100.50531218500004,13.709467108000069],[100.50483015600008,13.709090378000042],[100.50440621200005,13.70875965700003],[100.50386138800008,13.708316631000059],[100.50334731600009,13.707901693000054],[100.50276957200003,13.707462273000033],[100.50221200200008,13.707109734000028],[100.50186023500004,13.706861017000051],[100.50139803800005,13.706600528000024],[100.50075563300004,13.706263207000063],[100.50020472700004,13.705952425000078],[100.49966968000007,13.705685599000049],[100.49913267400007,13.70538606100007]]}]}]}