{"ShapeType":5,"Count":928,"Bound":{"Left":97.343358471000045,"Top":5.613037873000053,"Right":105.63696451800007,"Bottom":20.465073815000061},"Shapes":[{"RecordNo":31,"ShapeType":5,"ADM0_EN":"Thailand","ADM0_PCODE":"TH","ADM1_EN":"Bangkok","ADM1_PCODE":"TH10","ADM2_EN":"Bang Kho Laem","ADM2_PCODE":"TH1031","ADM3_EN":null,"ADM3_PCODE":null,"SHAPE_LENGTH":0.116813090493,"SHAPE_AREA":0.000715354713044,"Parts":[{"Type":5,"Count":209,"Points":[[100.51966241000008,13.703230845000064],[100.51967571900008,13.703222842000059],[100.51998665300005,13.703543638000042],[100.52000144700008,13.703558122000061],[100.52002922100007,13.703585317000034],[100.52064289600008,13.704169848000049],[100.52146088900008,13.703547595000032],[100.52219183100004,13.702987620000044],[100.52292877500008,13.702411271000074],[100.52350884500004,13.701946926000062],[100.52425690200005,13.701359383000067],[100.52492442600004,13.700885524000057],[100.52502834500007,13.701056374000075],[100.52563063700006,13.701092663000054],[100.52568333800008,13.701106630000027],[100.52575088500004,13.701157647000059],[100.52629554900005,13.701774368000031],[100.52694950000006,13.701043152000068],[100.52717913000004,13.701185623000072],[100.52741896900005,13.701327732000038],[100.52806338900007,13.701664508000022],[100.52861754200006,13.701939694000032],[100.52934312100007,13.702284539000061],[100.52994573900008,13.702543641000034],[100.53002695000004,13.702497229000073],[100.53009642900008,13.702457525000057],[100.53015886100008,13.702295597000045],[100.53081726900007,13.700617022000074],[100.53112518600005,13.699875029000054],[100.53143574100005,13.699090145000071],[100.53151340900007,13.698898213000064],[100.53176057800005,13.698253744000056],[100.53171396600004,13.698235892000071],[100.53171344800006,13.698235647000047],[100.53171292500008,13.69823539600003],[100.53148347200005,13.698126367000043],[100.53133677200003,13.698038691000022],[100.53123101300008,13.697953621000067],[100.53110015900006,13.697830442000054],[100.53039364700004,13.697042336000038],[100.52984271600008,13.696343287000047],[100.52927469000008,13.695633343000054],[100.52807471900007,13.694190691000074],[100.52735274800006,13.693453541000054],[100.52651846200007,13.692601707000051],[100.52194079000009,13.688196944000026],[100.52145266200006,13.687585240000033],[100.52078104400005,13.686740837000059],[100.52063362800004,13.686560108000037],[100.52040801700008,13.686450690000072],[100.52023254600005,13.686387238000066],[100.52002210700005,13.686336121000068],[100.51982869600005,13.686196368000026],[100.51979195200005,13.686162582000065],[100.51972752700004,13.686101952000058],[100.51965372700005,13.686032492000038],[100.51961504200006,13.685966407000024],[100.51957475700004,13.685922438000034],[100.51948541700006,13.685822661000032],[100.51942715400008,13.685762965000038],[100.51935105400008,13.685685001000024],[100.51925718600006,13.68562703200007],[100.51913491900007,13.685574650000035],[100.51901876800008,13.685483837000049],[100.51884818200006,13.685272468000051],[100.51861326100004,13.684959710000044],[100.51864787300008,13.68494706000007],[100.51865003100005,13.684930124000061],[100.51859239500004,13.684858127000041],[100.51859142600006,13.684802784000056],[100.51851104100007,13.684702714000025],[100.51846355000004,13.684682685000041],[100.51841525000003,13.684627588000069],[100.51842555400003,13.684522449000042],[100.51828777000009,13.684346480000045],[100.51785188500008,13.683789795000052],[100.51732411400008,13.683115756000063],[100.51698184600008,13.682678629000066],[100.51695710300004,13.682694591000029],[100.51611069100005,13.683156261000022],[100.51508367300005,13.683651840000039],[100.51422228000007,13.68402773300005],[100.51337746800004,13.684376386000054],[100.51243711700005,13.684693993000053],[100.51224382600009,13.68473808400006],[100.51194492300004,13.684799813000041],[100.51123174900005,13.684954420000054],[100.50999887700004,13.685159694000049],[100.50899165300007,13.685318383000038],[100.50800801700007,13.685465626000053],[100.50688395200007,13.68561031400003],[100.50612469700008,13.685694026000022],[100.50577422300006,13.685733430000028],[100.50476039300008,13.685860486000024],[100.50361915200006,13.686031292000052],[100.50255311400008,13.686208383000064],[100.50134782500004,13.686485721000054],[100.50021901200006,13.686790877000021],[100.49992022200007,13.686877442000025],[100.49926274200004,13.687068993000025],[100.49813090700008,13.687447583000051],[100.49716834500003,13.687821773000053],[100.49624847200005,13.688187783000046],[100.49555877600005,13.688490226000056],[100.49516435500004,13.688712990000056],[100.49450259800005,13.689146334000043],[100.49359602300007,13.689880623000022],[100.49260889100003,13.690756609000061],[100.49182469300007,13.691569282000046],[100.49122632500007,13.692341253000052],[100.49072240500004,13.693156704000046],[100.49027033200008,13.694131172000027],[100.49014928500009,13.694542071000058],[100.48999809100008,13.695261866000067],[100.49013499800009,13.696494682000036],[100.49020881700005,13.697116827000059],[100.49031426600004,13.697667393000074],[100.49031517400005,13.697672133000026],[100.49043700400006,13.698118858000044],[100.49064028400005,13.698647587000039],[100.49091256100007,13.699121622000064],[100.49118353800009,13.699575366000033],[100.49156806200006,13.700080375000027],[100.49200773000007,13.700614447000078],[100.49219865300006,13.700824092000062],[100.49224544500004,13.700875470000028],[100.49276467600004,13.701439261000076],[100.49325750200006,13.701882638000029],[100.49389749200009,13.702390620000074],[100.49452210400006,13.70284448700005],[100.49520740600008,13.703296829000067],[100.49597069900005,13.703743047000046],[100.49662465700004,13.704082613000026],[100.49723912200005,13.704391871000041],[100.49863760900007,13.705137064000041],[100.49913267400007,13.70538606100007],[100.49966968000007,13.705685599000049],[100.50020472700004,13.705952425000078],[100.50075563300004,13.706263207000063],[100.50139803800005,13.706600528000024],[100.50186023500004,13.706861017000051],[100.50221200200008,13.707109734000028],[100.50276957200003,13.707462273000033],[100.50334731600009,13.707901693000054],[100.50386138800008,13.708316631000059],[100.50440621200005,13.70875965700003],[100.50483015600008,13.709090378000042],[100.50531218500004,13.709467108000069],[100.50567297800006,13.709770005000053],[100.50603138200006,13.71006724800003],[100.50632703400004,13.710303857000042],[100.50660354400009,13.71062196400004],[100.50688401100007,13.710923079000054],[100.50715849900007,13.711197104000064],[100.50746662400007,13.711578252000038],[100.50774445200005,13.71192344900004],[100.50778174300007,13.711969544000056],[100.50811966200007,13.71240253600007],[100.50817089700007,13.712460984000074],[100.50904859400004,13.711638496000035],[100.50913123000004,13.71157437200003],[100.50928364900005,13.711467689000074],[100.50943105400006,13.711383753000064],[100.50946272600004,13.71136572100005],[100.50974251000008,13.711264868000058],[100.50983464000007,13.711231659000077],[100.50995561700006,13.711192769000036],[100.51046318700008,13.711069476000034],[100.51066382400006,13.71101520700006],[100.51089166400004,13.710972825000056],[100.51113558200007,13.710937581000053],[100.51121808100004,13.710920200000032],[100.51130426800006,13.710900383000023],[100.51171654700005,13.710777308000047],[100.51211645900008,13.710648283000069],[100.51241195800009,13.710581378000029],[100.51303611800006,13.71042686800007],[100.51316793600006,13.710409184000071],[100.51328625000008,13.710400022000044],[100.51333923700008,13.710394875000077],[100.51371841100007,13.710300934000031],[100.51408157000009,13.710209501000065],[100.51411358900003,13.71020328000003],[100.51428124900008,13.710198637000076],[100.51434287000006,13.710193437000044],[100.51492165600007,13.710078982000027],[100.51581932500005,13.709890242000029],[100.51648302600006,13.709749948000024],[100.51690765900008,13.709658829000034],