{"ShapeType":5,"Count":928,"Bound":{"Left":97.343358471000045,"Top":5.613037873000053,"Right":105.63696451800007,"Bottom":20.465073815000061},"Shapes":[{"RecordNo":13,"ShapeType":5,"ADM0_EN":"Thailand","ADM0_PCODE":"TH","ADM1_EN":"Bangkok","ADM1_PCODE":"TH10","ADM2_EN":"Samphanthawong","ADM2_PCODE":"TH1013","ADM3_EN":null,"ADM3_PCODE":null,"SHAPE_LENGTH":0.0512340980132,"SHAPE_AREA":0.000117734118663,"Parts":[{"Type":5,"Count":113,"Points":[[100.51296417700007,13.729546940000034],[100.51229834900005,13.729392587000064],[100.51212986300004,13.730062524000061],[100.51201939200007,13.730402467000033],[100.51161581100007,13.731644356000061],[100.51146413200007,13.731976551000059],[100.51131726800008,13.732298203000028],[100.51092237800003,13.733091350000052],[100.51062285400008,13.733566459000031],[100.51030799100005,13.734065891000057],[100.50983503800006,13.734816076000072],[100.50916477600003,13.735408780000057],[100.50912297100007,13.735437713000067],[100.50802479200007,13.736197769000057],[100.50654231400006,13.736977957000022],[100.50578897100007,13.737201783000046],[100.50493096700006,13.737424298000065],[100.50414268200007,13.737628726000025],[100.50303873200005,13.737901153000053],[100.50230219700006,13.738082911000049],[100.49980669000007,13.738632557000074],[100.50074689700006,13.741065110000022],[100.50093297900008,13.741386934000047],[100.50153601100004,13.742377839000028],[100.50272896800004,13.744115642000054],[100.50318366600004,13.744752282000036],[100.50337049700005,13.745036152000068],[100.50346421100005,13.745215853000047],[100.50351937300007,13.745382999000071],[100.50366179900004,13.745818729000064],[100.50389819800006,13.746847599000034],[100.50398703300004,13.746816870000032],[100.50416245100007,13.746758038000053],[100.50423989800004,13.746724260000065],[100.50440624300006,13.746634072000063],[100.50489304100006,13.746238141000049],[100.50510260900006,13.746064313000034],[100.50537737100007,13.745843241000046],[100.50566779300004,13.745617766000066],[100.50598063000007,13.74537289500006],[100.50602603400006,13.745335321000027],[100.50623199200004,13.74518376900005],[100.50649937000009,13.744970872000067],[100.50653825300009,13.744941089000065],[100.50677505800007,13.744759723000072],[100.50686696800005,13.744686407000074],[100.50713997300005,13.744468639000047],[100.50722262000005,13.744403163000072],[100.50745148600004,13.744221849000041],[100.50753096600005,13.744159308000064],[100.50771960500003,13.744010872000047],[100.50803247200008,13.743767178000041],[100.50834702400005,13.743523008000068],[100.50847263400004,13.743424492000031],[100.50852070400003,13.743386789000056],[100.50864118000004,13.743291007000039],[100.50887198300006,13.743106362000049],[100.50904259100008,13.742973656000061],[100.50924583100004,13.742818494000062],[100.50944123200009,13.742661500000054],[100.50988641600009,13.742311776000065],[100.50995598000009,13.742257403000053],[100.51014575700003,13.742109067000058],[100.51020763100007,13.742058126000075],[100.51027598400003,13.742001849000076],[100.51046653900005,13.741844970000045],[100.51062642500006,13.741721941000037],[100.51074890000007,13.741622906000032],[100.51077385600007,13.741603178000048],[100.51081868000006,13.741567749000069],[100.51103125300006,13.741399725000065],[100.51117614200007,13.741281312000069],[100.51134401000007,13.741146953000055],[100.51148084700009,13.741035368000041],[100.51167174600005,13.740880538000056],[100.51182467500007,13.740756440000041],[100.51210464800005,13.74053592100006],[100.51225817600005,13.740414996000027],[100.51227433100007,13.740402269000072],[100.51308126800006,13.739774535000038],[100.51331232100006,13.739594794000027],[100.51344168400004,13.739492325000072],[100.51355611500009,13.739398934000064],[100.51383833800009,13.739159923000045],[100.51434201800004,13.738756845000069],[100.51462436200006,13.738537028000053],[100.51475431600005,13.738436806000038],[100.51494243600007,13.738304173000074],[100.51512048900008,13.738212329000078],[100.51532929300004,13.738141408000047],[100.51533499900006,13.738139470000021],[100.51568779700006,13.738046738000037],[100.51569208100005,13.737886037000067],[100.51570348300004,13.737458305000075],[100.51575681900005,13.736807419000058],[100.51585839200004,13.73624748900005],[100.51590932100004,13.735720642000047],[100.51590619100006,13.735233661000052],[100.51584594900004,13.734310881000056],[100.51582274600008,13.734118933000048],[100.51569723300008,13.733293745000026],[100.51564777600004,13.733059007000065],[100.51550224800008,13.732442945000059],[100.51540907000003,13.732216914000048],[100.51506423200004,13.73148300500003],[100.51493870300004,13.731278803000066],[100.51411298300008,13.730390426000042],[100.51386335700005,13.730121856000039],[100.51364903400008,13.729928159000053],[100.51343762700009,13.72973709300004],[100.51340917200008,13.729711383000051],[100.51328329600005,13.729629177000049],[100.51296417700007,13.729546940000034]]}]}]}