{"ShapeType":5,"Count":928,"Bound":{"Left":97.343358471000045,"Top":5.613037873000053,"Right":105.63696451800007,"Bottom":20.465073815000061},"Shapes":[{"RecordNo":915,"ShapeType":5,"ADM0_EN":"Thailand","ADM0_PCODE":"TH","ADM1_EN":"Yala","ADM1_PCODE":"TH95","ADM2_EN":"Krong Pinang","ADM2_PCODE":"TH9508","ADM3_EN":null,"ADM3_PCODE":null,"SHAPE_LENGTH":0.664548946665,"SHAPE_AREA":0.0131553759114,"Parts":[{"Type":5,"Count":451,"Points":[[101.24267738000003,6.4647218490000569],[101.24310734100004,6.4646244970000453],[101.24363328500004,6.4646458780000557],[101.24435145600006,6.4648342440000306],[101.24490359100008,6.4651027480000494],[101.24536996900008,6.4657149020000588],[101.24580312700005,6.467317463000029],[101.24633892400004,6.469458573000054],[101.24666757200004,6.4700964020000242],[101.24675937300003,6.4701659780000682],[101.24688133100005,6.4702584110000316],[101.24714732900009,6.4702771830000643],[101.24726009800008,6.4702851410000335],[101.24738276400007,6.470293798000057],[101.24817081700007,6.4699644030000627],[101.24886859700007,6.4690588000000275],[101.24887116500008,6.4688583710000671],[101.24887705300006,6.4683988600000362],[101.24887791300006,6.4683317330000705],[101.24884309700008,6.4683026340000538],[101.24823641700004,6.4677955690000317],[101.24773194000005,6.4670707740000353],[101.24767264600007,6.4668853990000343],[101.24743967100005,6.4661570150000216],[101.24744771600007,6.4651416490000315],[101.24745655200007,6.4643699970000625],[101.24745675900005,6.464351908000026],[101.24746685400004,6.4638003260000687],[101.24775231000007,6.4631723170000441],[101.24809893800006,6.4627758540000286],[101.24840319700007,6.4622978100000523],[101.24926661800004,6.4614264980000371],[101.24963211600004,6.4600262680000355],[101.24953845900006,6.4588582200000246],[101.24901862300004,6.45737338400005],[101.24889783400005,6.4563179130000208],[101.24881612000007,6.4556038800000692],[101.24891967300005,6.4540502360000573],[101.24980663300005,6.4544639960000723],[101.25065164200004,6.4549760190000711],[101.25435103600006,6.4572175920000632],[101.25819536700004,6.4600306450000744],[101.26060870200007,6.4616689560000395],[101.26241687800007,6.4624854310000615],[101.26683366100008,6.46375824200004],[101.26966173800008,6.4645581110000307],[101.27024655500009,6.46472351400007],[101.27276823900007,6.4656704590000231],[101.27448762300008,6.4665541270000517],[101.27629871800008,6.468016758000033],[101.27752989500004,6.4693259920000514],[101.27912178100007,6.4700729790000651],[101.28146766700007,6.4696514260000413],[101.28339869100006,6.4688556050000443],[101.28421399800004,6.467868008000039],[101.28518691000005,6.465469401000064],[101.28586486500007,6.4631049170000665],[101.28831383700003,6.4608308660000375],[101.28971813500004,6.4595782380000628],[101.29066324200005,6.4582948780000606],[101.29239673500007,6.4573359430000323],[101.29422459800009,6.45549104600002],[101.29516924400008,6.454109294000034],[101.29608050700006,6.4525965010000732],[101.29702662200003,6.4515427160000627],[101.29774322000009,6.4504899660000206],[101.29829661600007,6.4496019400000364],[101.29927654400007,6.4487775840000268],[101.30097793800007,6.4479827680000312],[101.30219291800006,6.4473416890000408],[101.30248260200006,6.4471888380000451],[101.30385230400003,6.446496532000026],[101.30440756700006,6.4450811130000716],[101.30423400800004,6.4429500710000411],[101.30384708500009,6.4410593070000459],[101.30363052500007,6.440001035000023],[101.30313206800008,6.4385274040000695],[101.30302676000008,6.4369864030000485],[101.30258068900008,6.4348223110000617],[101.30250451900008,6.4344527710000534],[101.30241251400008,6.4330717420000383],[101.30241887200003,6.4330534600000533],[101.30242550600008,6.4330332490000615],[101.30264527500003,6.43236369400006],[101.30325022500006,6.4319816780000565],[101.30395303100005,6.431537866000042],[101.30502647300006,6.4306167790000472],[101.30591266100004,6.4298563650000347],[101.30806470200008,6.427222873000062],[101.30815847400004,6.4262057350000532],[101.30802481700005,6.4256487850000212],[101.30640915400005,6.423622640000076],[101.30611068600007,6.4228696470000273],[101.30646807800008,6.4221464950000495],[101.30686109600003,6.4216238150000322],[101.30738570600005,6.4204246930000295],[101.30739231100006,6.4204093240000475],[101.31042014200006,6.4167074680000269],[101.31057375900008,6.416519653000023],[101.31375210300007,6.4138008680000667],[101.31485216300007,6.4128598570000577],[101.31543325800004,6.4108566090000636],[101.31598423200006,6.4094438450000553],[101.31609524900006,6.40925562700005],[101.31632272200005,6.4088699720000477],[101.31699285100007,6.407733841000038],[101.31784006200007,6.4065821160000382],[101.31845822500009,6.4055298170000583],[101.31871487100005,6.4042823700000326],[101.31870968900006,6.4031344970000532],[101.31929654400005,6.40241031100004],[101.32135748800005,6.4014170860000377],[101.32400630400008,6.3999292410000521],[101.32414594100004,6.3997665790000724],[101.32419379900006,6.3997108300000605],[101.32485423000009,6.39894149600002],[101.32488167400004,6.3977606830000582],[101.32458083900008,6.3964829640000289],[101.32467251800006,6.39500668900007],[101.32561287500005,6.3917346860000634],[101.32367054700006,6.3911846300000548],[101.32178777500008,6.3908010460000355],[101.32022556000004,6.3907527110000615],[101.31827404300009,6.3905304790000628],[101.31664207500006,6.3910349470000369],[101.31502176000004,6.3916309210000577],[101.31326387400009,6.3919049170000335],[101.31155285900007,6.3917866190000723],[101.30929208900005,6.3909883590000618],[101.30774408400004,6.3896959500000321],[101.30659798100004,6.3884960670000623],[101.30483063600008,6.38779045800004],[101.30337312200004,6.3872811640000577],[101.30219216200004,6.38636957600005],[101.30076968100008,6.3853652130000569],[101.29922101300008,6.3845563760000346],[101.29761416100007,6.3841161100000363],[101.29591482300003,6.3837101290000646],[101.29392990800005,6.3829580130000636],[101.29185268700007,6.3820215490000578],[101.28947723000005,6.3810728040000413],[101.28719300800009,6.38057393400004],[101.28570003200008,6.3803410160000453],[101.28395556000004,6.3799465120000605],[101.28237305700009,6.3787575160000642],[101.28099699900008,6.3777642020000371],[101.27945897400008,6.3770591680000734],[101.27780634300007,6.3764806270000349],[101.27585524100005,6.3759638220000738],[101.27578044700005,6.3756534390000752],[101.27551268600007,6.3746026720000373],[101.27481437200004,6.3735052240000414],[101.27414288100005,6.3729822160000253],[101.27390402900005,6.3729832650000731],[101.27318622100006,6.3728429240000537],[101.27265834400004,6.3724865120000231],[101.27222584600008,6.371986176000064],[101.27167165100008,6.3709123760000352],[101.27142716300006,6.3697654550000493],[101.27094606400004,6.3690020460000483],[101.27058528700007,6.368501388000027],[101.27015269200007,6.367977316000065],[101.26972029500007,6.3675006990000611],[101.26928797100004,6.367048374000035],[101.26861429100006,6.3661423360000526],[101.26772240200006,6.3644242570000529],[101.26740742600003,6.363421150000022],[101.26740502100006,6.3628714500000569],[101.26768871900003,6.3621526940000308],[101.26814072900004,6.3616959370000359],[101.26869105000009,6.3617652750000389],[101.26957621400004,6.3619529140000282],[101.27055545400003,6.3617096140000626],[101.27158181700008,6.3613938410000515],[101.27236929600008,6.3610796220000339],[101.27322969500006,6.3610278160000462],[101.27376500300005,6.3610254650000684],[101.27404226000004,6.3610242450000669],[101.27507502200007,6.3611383690000594],[101.27595434400007,6.3606446540000547],[101.27680085100008,6.3602652380000677],[101.27761610000005,6.3600983650000558],[101.27812120200008,6.3599006840000243],[101.27904856300006,6.3592921000000615],[101.28090221300005,6.3577003650000279],[101.28173129200008,6.3569616950000523],[101.28212211700009,6.3567153520000375],[101.28270887400004,6.3565986560000738],[101.28309777400006,6.3565641720000485],[101.28365409700007,6.3567131060000293],