{"ShapeType":5,"Count":928,"Bound":{"Left":97.343358471000045,"Top":5.613037873000053,"Right":105.63696451800007,"Bottom":20.465073815000061},"Shapes":[{"RecordNo":20,"ShapeType":5,"ADM0_EN":"Thailand","ADM0_PCODE":"TH","ADM1_EN":"Bangkok","ADM1_PCODE":"TH10","ADM2_EN":"Bangkok Noi","ADM2_PCODE":"TH1020","ADM3_EN":null,"ADM3_PCODE":null,"SHAPE_LENGTH":0.135742854435,"SHAPE_AREA":0.00102870228171,"Parts":[{"Type":5,"Count":459,"Points":[[100.47685762000003,13.778860376000068],[100.47714600900008,13.77855164600004],[100.47727909300005,13.778406220000022],[100.47750096400006,13.77816561700007],[100.47790827500006,13.777730492000046],[100.47815649500006,13.777462812000067],[100.47845842300006,13.777138980000075],[100.47880897300007,13.776762016000077],[100.47900552700008,13.776550473000043],[100.47925779800005,13.776278780000041],[100.47944828500005,13.776076249000028],[100.47962658200004,13.775881769000023],[100.47977753200007,13.775718354000048],[100.48003387200004,13.775444644000061],[100.48022231200008,13.77524113000004],[100.48043610400003,13.775014531000068],[100.48072585600005,13.774701736000054],[100.48100867700003,13.774398785000074],[100.48121154800003,13.774179229000026],[100.48145848400009,13.773911553000062],[100.48163781300008,13.77371905900003],[100.48185779300007,13.773480525000025],[100.48190844100009,13.77342628200006],[100.48245578700005,13.772825324000053],[100.48259574100007,13.772662499000035],[100.48276026200006,13.772471670000073],[100.48293072500007,13.772271278000062],[100.48307808100009,13.772093013000074],[100.48322469300007,13.771916218000058],[100.48341070100008,13.77168421600004],[100.48363015300004,13.771404369000038],[100.48394444900004,13.770997715000021],[100.48411241800005,13.770785609000029],[100.48427769800009,13.770569613000077],[100.48442721700008,13.770391498000038],[100.48450756600005,13.770302897000022],[100.48454083600007,13.770259045000046],[100.48462330900009,13.770147290000068],[100.48472733200003,13.769994867000037],[100.48482252500008,13.769869201000063],[100.48506452800007,13.769558922000044],[100.48523908300007,13.769335046000037],[100.48549032500006,13.769010379000065],[100.48580113800006,13.768613941000069],[100.48604979300006,13.768302315000028],[100.48638572700008,13.767878104000033],[100.48661648800004,13.767590368000072],[100.48669655600008,13.767490528000053],[100.48694258600006,13.767185434000055],[100.48701321000004,13.76709717600005],[100.48714331400004,13.766932225000062],[100.48734084800009,13.766684373000032],[100.48864828700005,13.765086240000073],[100.48881522800008,13.764876741000023],[100.48905701000007,13.764544923000074],[100.48929807700006,13.76424637100007],[100.48945347500006,13.764051377000044],[100.48969386900006,13.763740128000052],[100.49004171800004,13.763305414000058],[100.49024472000008,13.763045030000058],[100.49045401200004,13.762787853000077],[100.49097198800007,13.761928724000029],[100.49084232200005,13.761818902000073],[100.49024585900008,13.76118748600004],[100.48969834200005,13.760520735000057],[100.48925283700004,13.759812719000024],[100.48924411400009,13.759799222000027],[100.48881790700006,13.759033440000053],[100.48839387100009,13.758149010000068],[100.48810900800004,13.757433211000034],[100.48794001000005,13.756848931000036],[100.48786876500009,13.756459512000049],[100.48781155800003,13.756092634000027],[100.48776910000004,13.755775398000026],[100.48773004400005,13.755270531000065],[100.48770716700005,13.754940734000059],[100.48769489900008,13.754275260000043],[100.48767867000004,13.753445987000077],[100.48764453700005,13.75270722700003],[100.48770084500006,13.751834561000067],[100.48778286600003,13.750908647000074],[100.48787110200004,13.750149934000035],[100.48797779600005,13.749380932000065],[100.48815309000008,13.748672532000057],[100.48827419900005,13.748267299000077],[100.48829925000007,13.748209494000037],[100.48716767400003,13.747849107000036],[100.48604469200006,13.747493878000057],[100.48522729100006,13.747205191000035],[100.48512958800006,13.747163908000061],[100.48468083100005,13.746974292000061],[100.48422828700006,13.746800792000045],[100.48311522300008,13.746381761000066],[100.48295073200006,13.746319835000065],[100.48279246900006,13.746255061000056],[100.48265773600008,13.746213010000076],[100.48246450400006,13.746165594000047],[100.48227423400005,13.746123872000055],[100.48202305600006,13.746081093000043],[100.48157063700006,13.746034279000071],[100.48127423600005,13.746005579000041],[100.48074396200008,13.745974472000057],[100.48024608000009,13.74595498900004],[100.48017064600003,13.745952038000041],[100.47968535300004,13.745946381000067],[100.47950412300008,13.745947468000054],[100.47926037700006,13.745974182000055],[100.47906821200007,13.746009093000055],[100.47888099000005,13.746045578000064],[100.47872180800005,13.746096359000035],[100.47871186900005,13.746101747000068],[100.47826296200009,13.746345038000072],[100.47822519300007,13.746353301000056],[100.47818245400003,13.746355166000058],[100.47814128700009,13.746345767000037],[100.47810665400004,13.74632990300006],[100.47807688700004,13.746302755000045],[100.47806384000006,13.746276334000072],[100.47786456200004,13.745744659000025],[100.47783629800006,13.745668010000031],[100.47728474300004,13.744658999000023],[100.47722853500005,13.74448508100005],[100.47713070400005,13.744091852000054],[100.47711247600006,13.74406945800007],[100.47709101700008,13.744056727000043],[100.47706140300005,13.744053691000033],[100.47701870500004,13.744061983000051],[100.47678237400004,13.744134123000038],[100.47590306300003,13.744459254000049],[100.47559479100005,13.744596117000071],[100.47554227700005,13.744612504000031],[100.47547819100004,13.744619319000037],[100.47543871000005,13.74461634100004],[100.47538600400009,13.744602189000034],[100.47533482500006,13.744568769000068],[100.47504386200006,13.744254122000029],[100.47488795600003,13.744097581000062],[100.47479515000003,13.744026530000042],[100.47460763100008,13.743905224000059],[100.47445110600006,13.743827159000034],[100.47442901700003,13.743816498000058],[100.47432879500008,13.743774146000021],[100.47421941000005,13.743746050000027],[100.47360597800008,13.743615275000025],[100.47208722200008,13.743340196000077],[100.47167743700004,13.743254054000033],[100.47133504300007,13.743193231000078],[100.47095181600008,13.743146938000052],[100.47067822900004,13.743129031000024],[100.47045166900006,13.74311420500004],[100.47019147300006,13.743097176000049],[100.46840483800008,13.743007805000048],[100.46749249700008,13.742958938000072],[100.46681020400007,13.742950694000058],[100.46670025200007,13.742949364000026],[100.46650110300004,13.74295567300004],[100.46644813900008,13.742964485000073],[100.46640225300007,13.742976853000073],[100.46636633700007,13.742988795000031],[100.46628848500006,13.743014682000023],[100.46573758300008,13.743269418000068],[100.46562372600005,13.743292956000062],[100.46550982800005,13.743310780000059],[100.46537832800004,13.743317275000038],[100.46521464900008,13.743321108000032],[100.46483461000008,13.743317648000073],[100.46465179400008,13.743322941000031],[100.46456144000007,13.743330492000041],[100.46445774600005,13.743354177000072],[100.46431476100008,13.743395030000045],[100.46425165900007,13.743422623000072],[100.46420440500003,13.743443283000033],[100.46409611400009,13.743490629000064],[100.46403023700003,13.743530884000052],[100.46392138600004,13.743597397000031],[100.46370031200007,13.743773019000059],[100.46339177700008,13.743986312000061],[100.46315467300008,13.744123167000055],[100.46298378900008,13.744193139000061],[100.46282525200007,13.744250879000049],[100.46262734000004,13.744298037000021],[100.46205219200004,13.744419748000041],[100.46218758400005,13.744620558000065],[100.46220007400007,13.744863449000036],[100.46220364500005,13.744869104000031],[100.46220589000006,13.744872660000056],[100.46220738000005,13.745112780000056],[100.46219499000006,13.745161802000041],[100.46216251000004,13.745891923000045],