{"ShapeType":5,"Count":928,"Bound":{"Left":97.343358471000045,"Top":5.613037873000053,"Right":105.63696451800007,"Bottom":20.465073815000061},"Shapes":[{"RecordNo":7,"ShapeType":5,"ADM0_EN":"Thailand","ADM0_PCODE":"TH","ADM1_EN":"Bangkok","ADM1_PCODE":"TH10","ADM2_EN":"Pathum Wan","ADM2_PCODE":"TH1007","ADM3_EN":null,"ADM3_PCODE":null,"SHAPE_LENGTH":0.115324134038,"SHAPE_AREA":0.000671641683979,"Parts":[{"Type":5,"Count":282,"Points":[[100.51906870300007,13.752653449000036],[100.51913372800004,13.752637297000035],[100.51916671800007,13.752732672000036],[100.51948577400003,13.752659480000034],[100.51961352300003,13.752628248000065],[100.51976080900005,13.75259224000007],[100.51991537500004,13.752542393000056],[100.51995486800007,13.75252761400003],[100.52010261600009,13.752465186000052],[100.52016918700008,13.75243213400006],[100.52031694400006,13.752345874000071],[100.52034543700006,13.752326810000056],[100.52035824400008,13.752318248000051],[100.52042960800009,13.752270514000031],[100.52047907400004,13.752240881000034],[100.52055774400009,13.752151760000061],[100.52059680900004,13.752119524000023],[100.52072840400007,13.752037381000037],[100.52079734300008,13.751994344000025],[100.52081032000007,13.751986242000044],[100.52095962600004,13.751900920000026],[100.52105650900006,13.751845558000071],[100.52107321800008,13.751835530000051],[100.52183458800005,13.751378575000047],[100.52196963100005,13.75126778200007],[100.52200140400004,13.751249046000055],[100.52221809700006,13.751121266000041],[100.52222315500006,13.751118283000039],[100.52260799600003,13.750909024000066],[100.52264577000005,13.750889550000068],[100.52265494500006,13.750884820000067],[100.52296505300006,13.750724938000076],[100.52298587500007,13.750713741000027],[100.52298908800009,13.750712013000054],[100.52299754200004,13.750707467000041],[100.52302337200007,13.750693582000054],[100.52305214600006,13.750678114000039],[100.52357362200007,13.750366470000074],[100.52386997500008,13.750199535000036],[100.52440095300005,13.749894149000056],[100.52443789300008,13.749867964000032],[100.52450898800004,13.749806256000056],[100.52478205200004,13.749632414000075],[100.52478664400007,13.749629023000068],[100.52482634700004,13.749599707000073],[100.52493487000004,13.749515114000076],[100.52507318500005,13.749407301000076],[100.52511765100007,13.749378783000054],[100.52512004000005,13.749377249000077],[100.52512289100008,13.749375419000046],[100.52513115800008,13.749370116000023],[100.52514760300005,13.749359570000024],[100.52520164100008,13.749332022000033],[100.52526157400007,13.749310170000058],[100.52528962000008,13.749302932000035],[100.52535254400004,13.749296007000055],[100.52538853300007,13.749295147000055],[100.52539335000006,13.749295032000077],[100.52546847200006,13.749296827000023],[100.52551177700008,13.749302687000068],[100.52551327700007,13.749302927000031],[100.52580538700005,13.749369506000051],[100.52616298300006,13.74944669000007],[100.52643912200006,13.749509078000074],[100.52668703800003,13.749575139000058],[100.52699334400006,13.749633295000024],[100.52700993200006,13.749635953000052],[100.52701742500005,13.749637154000027],[100.52703299500007,13.749639651000052],[100.52705933600004,13.749643872000036],[100.52707442900004,13.749646293000069],[100.52714717400005,13.749657950000028],[100.52724398800007,13.749667420000037],[100.52730803400004,13.74966812200006],[100.52748243900004,13.749670033000029],[100.52769253600008,13.749668732000032],[100.52769256900007,13.749668731000043],[100.52769260100007,13.749668730000053],[100.52769263300007,13.749668729000064],[100.52769266600006,13.749668727000028],[100.52769269700008,13.74966872300007],[100.52774828000008,13.749664712000026],[100.52780177600005,13.749656995000066],[100.52780188200006,13.749656981000044],[100.52780197600004,13.749656965000042],[100.52780201900004,13.74965695800006],[100.52824524100004,13.74958398900003],[100.52876824600008,13.749494647000063],[100.52968728100007,13.749355011000034],[100.53007848200008,13.749314320000053],[100.53061678600005,13.749320543000067],[100.53097398000006,13.749318325000047],[100.53124436500008,13.749277451000069],[100.53136994700009,13.749258466000072],[100.53280306400006,13.74916346200007],[100.53345390900006,13.749168983000061],[100.53391906500008,13.749213920000045],[100.53436358300007,13.749237088000029],[100.53499320500004,13.749303526000062],[100.53526967500005,13.749354319000076],[100.53554524600008,13.749404945000038],[100.53554641700004,13.749405159000048],[100.53554947400005,13.749406731000022],[100.53559372700005,13.749429464000059],[100.53563336800005,13.749449827000035],[100.53601876800008,13.749599774000046],[100.53606784400006,13.749614912000027],[100.53608901200005,13.749621438000077],[100.53611863900005,13.749630577000062],[100.53624418500004,13.749654938000049],[100.53648882900006,13.749700558000029],[100.53660788200006,13.74971553000006],[100.53688760400007,13.749716928000055],[100.53753372900007,13.749700326000038],[100.53765649500008,13.749692785000036],[100.53890755200007,13.749653206000062],[100.53901843600005,13.749647800000048],[100.53909554900008,13.74964024600007],[100.53927759300007,13.749613576000058],[100.53928200500008,13.749612005000074],[100.53985372200003,13.749495177000028],[100.53985930900007,13.749494035000055],[100.53987967200004,13.749489872000027],[100.53995100300006,13.749481218000028],[100.53999487400006,13.749475896000035],[100.54015891600005,13.749464264000039],[100.54091691800005,13.749441743000034],[100.54100884700006,13.749429534000058],[100.54151759900009,13.749382604000061],[100.54172689500007,13.749351005000051],[100.54182481900006,13.74933509400006],[100.54185936700009,13.749329481000075],[100.54190355400004,13.749322302000053],[100.54191502200007,13.749320438000041],[100.54191733100004,13.749320065000063],[100.54191772400009,13.749320000000068],[100.54192306100003,13.749318711000058],[100.54195779300005,13.749310330000071],[100.54262095900003,13.749092770000061],[100.54297975000009,13.748971265000023],[100.54302303300005,13.748961580000071],[100.54312545100004,13.748953355000026],[100.54313886700004,13.74895172500004],[100.54314761200004,13.748950663000073],[100.54315462100004,13.748949814000071],[100.54316180900008,13.748948942000027],[100.54317621000007,13.748945914000046],[100.54321310600005,13.748938158000044],[100.54335192600007,13.748891262000029],[100.54342030700008,13.74887409300004],[100.54348015300008,13.74886116700003],[100.54389087100009,13.74882511900006],[100.54390741900005,13.748824455000033],[100.54395292600003,13.748822638000036],[100.54402777000007,13.748811706000026],[100.54484049100006,13.74870220300005],[100.54508266900007,13.748674300000062],[100.54516518900005,13.748665742000071],[100.54561528300008,13.748627890000023],[100.54594887700006,13.748599837000029],[100.54602613100008,13.748592004000045],[100.54602710100005,13.748591908000037],[100.54607300600009,13.748587254000029],[100.54608773100006,13.748585760000026],[100.54613220300007,13.748581251000076],[100.54613459200004,13.748598637000043],[100.54614253600005,13.748656524000069],[100.54615238500008,13.748655237000037],[100.54651009700007,13.748608507000029],[100.54680164800004,13.74853233500005],[100.54705703000008,13.748495322000053],[100.54745734800008,13.748460603000069],[100.54754228300004,13.748455772000057],[100.54761101400004,13.74845186500005],[100.54828116200008,13.748413760000062],[100.54829178100005,13.748413590000041],[100.54837416800007,13.748412245000054],[100.54848331300008,13.748410466000053],[100.54894887400008,13.74840471300007],[100.54949732500006,13.748405190000028],[100.54992763100006,13.748414182000033],[100.54992836600007,13.748414127000046],[100.54992842100006,13.748414123000032],[100.54992845300006,13.748414121000053],[100.54992848400008,13.748414120000064],[100.54992851900005,13.748414117000039],[100.55007543800008,13.748403346000032],[100.55007546800005,13.748403070000052],[100.55008923900004,13.74827373100004],[100.55013194200006,