{"ShapeType":5,"Count":928,"Bound":{"Left":97.343358471000045,"Top":5.613037873000053,"Right":105.63696451800007,"Bottom":20.465073815000061},"Shapes":[{"RecordNo":14,"ShapeType":5,"ADM0_EN":"Thailand","ADM0_PCODE":"TH","ADM1_EN":"Bangkok","ADM1_PCODE":"TH10","ADM2_EN":"Phaya Thai","ADM2_PCODE":"TH1014","ADM3_EN":null,"ADM3_PCODE":null,"SHAPE_LENGTH":0.109781018866,"SHAPE_AREA":0.000773578647051,"Parts":[{"Type":5,"Count":427,"Points":[[100.55068026000004,13.796155750000025],[100.55081274300005,13.796109041000022],[100.55082876500006,13.796106043000066],[100.55083742000005,13.796104992000039],[100.55084785600008,13.79610443100006],[100.55084911200004,13.796104423000031],[100.55085036900005,13.796104422000042],[100.55085677100004,13.796104375000027],[100.55085781900004,13.796104413000023],[100.55085886800003,13.796104452000066],[100.55086906700007,13.796106318000057],[100.55087742800004,13.79610847400005],[100.55089916500003,13.796114922000072],[100.55093922900005,13.796125446000076],[100.55101777300007,13.796146074000035],[100.55107388600004,13.796162906000063],[100.55114339300008,13.796184352000068],[100.55116253800009,13.796189033000076],[100.55119259700007,13.796192047000034],[100.55128646400004,13.796183140000039],[100.55130335200005,13.796178901000076],[100.55132020700006,13.796174665000024],[100.55132999300008,13.796171495000067],[100.55142421300008,13.796140968000032],[100.55161720500007,13.796075514000052],[100.55168156800005,13.796064513000033],[100.55171192800003,13.796059318000062],[100.55172428800006,13.796057297000061],[100.55173466400004,13.796055546000048],[100.55178139800006,13.796047658000077],[100.55183527700007,13.796038554000063],[100.55217902200008,13.796020785000053],[100.55232014800004,13.796013486000049],[100.55236119300008,13.796011371000077],[100.55236226500006,13.796011318000069],[100.55236333400006,13.796011260000057],[100.55240793600007,13.796008950000044],[100.55280470800005,13.795955607000053],[100.55308786300009,13.795941381000034],[100.55331221000006,13.79595351100005],[100.55345866600004,13.795947688000069],[100.55348158300006,13.795946774000072],[100.55349543700004,13.795943887000021],[100.55357503500005,13.795927275000054],[100.55368246900008,13.795904854000071],[100.55368249600008,13.795904845000052],[100.55368252300008,13.795904835000044],[100.55398364400008,13.795765438000046],[100.55401126400005,13.795751723000024],[100.55406920300004,13.795722950000027],[100.55411797800008,13.795703697000022],[100.55412622400007,13.795701104000045],[100.55414172700006,13.795696246000034],[100.55416088900006,13.795690238000077],[100.55419119700008,13.795684274000053],[100.55423755300006,13.795680688000061],[100.55428982000007,13.795680357000038],[100.55433959300007,13.795684165000068],[100.55436829900003,13.795689748000029],[100.55440510800008,13.795701141000052],[100.55442337200009,13.795706790000054],[100.55448106000006,13.795712038000033],[100.55461395800006,13.795714790000034],[100.55466003800007,13.795715744000063],[100.55470963800008,13.795715209000036],[100.55478546600006,13.795707544000038],[100.55479173500004,13.795706048000056],[100.55480064500006,13.795703909000054],[100.55485827000007,13.795683806000056],[100.55499282800008,13.795636860000059],[100.55525409100005,13.795549643000072],[100.55529955200007,13.795541843000024],[100.55532340900004,13.795539504000033],[100.55535206500008,13.795537679000063],[100.55538348700009,13.795543129000066],[100.55563542100003,13.795597607000047],[100.55565385100005,13.795600049000029],[100.55581670100008,13.795621635000032],[100.55595061500009,13.79559927400004],[100.55634662400007,13.795514206000064],[100.55672278700007,13.795436977000065],[100.55693770400006,13.795392856000035],[100.55711419400006,13.795356624000021],[100.55720762500005,13.79534760100006],[100.55722245700008,13.795346167000048],[100.55726960000004,13.795341612000073],[100.55738231000004,13.795338541000035],[100.55749434200004,13.795335483000031],[100.55760569000006,13.795339589000037],[100.55765670800008,13.795347262000064],[100.55805507000008,13.795448106000038],[100.55807891700005,13.795451193000076],[100.55814110200004,13.795459230000063],[100.55815592200008,13.795457687000067],[100.55817868700007,13.795455312000058],[100.55824644600006,13.795441623000045],[100.55834551400005,13.795424859000036],[100.55858306500005,13.795380865000027],[100.55864566800005,13.795371721000038],[100.55867889000007,13.795369012000037],[100.55871724800005,13.79536876800006],[100.55894625300005,13.795384811000076],[100.55898716800004,13.79538455200003],[100.55902677400007,13.795379297000068],[100.55912251500007,13.795354944000053],[100.55959581800005,13.795188229000075],[100.55962177900005,13.795181709000076],[100.55965709800006,13.795172843000046],[100.55970307600006,13.795165050000037],[100.55978741800004,13.795157019000044],[100.56066084400004,13.795133713000041],[100.56067195300005,13.795133414000077],[100.56070367500007,13.795132569000032],[100.56074369900006,13.795125957000039],[100.56082186300006,13.795105741000043],[100.56087039100004,13.795093190000046],[100.56099656000004,13.795060558000046],[100.56135891400004,13.794990718000065],[100.56162658600005,13.794959305000077],[100.56163449900004,13.794862817000023],[100.56164104900006,13.794782977000068],[100.56167150700009,13.794503691000045],[100.56172519800003,13.793886409000038],[100.56176591700006,13.793486213000051],[100.56181402100003,13.792811325000059],[100.56181620600006,13.792792094000049],[100.56181944300005,13.792713838000054],[100.56189999700007,13.791974842000059],[100.56193426200008,13.791455792000022],[100.56198452800004,13.790460830000029],[100.56193546200007,13.789766239000073],[100.56189132600008,13.789322471000048],[100.56165305000008,13.788075804000073],[100.56138303200004,13.787250391000043],[100.56130745900003,13.787063635000038],[100.56097881000005,13.786449099000038],[100.56031718100007,13.785264762000054],[100.55990412400007,13.784505550000063],[100.55985080100004,13.784427828000048],[100.55949823400005,13.783825428000057],[100.55931391800004,13.78346906400003],[100.55866444100008,13.782282640000062],[100.55854735800006,13.782035158000042],[100.55730278400006,13.779795276000073],[100.55703023700005,13.779320343000052],[100.55638310600006,13.778151665000053],[100.55585589100008,13.777221650000058],[100.55568986500003,13.776914299000055],[100.55497965200004,13.775622247000058],[100.55454480700007,13.77484584900003],[100.55400493500008,13.773881420000066],[100.55378620000005,13.773452653000049],[100.55309110600007,13.772322700000075],[100.55302496800005,13.772206066000024],[100.55281193300004,13.771830386000033],[100.55267510500005,13.77157234200007],[100.55256986200004,13.771387473000061],[100.55232992000003,13.770942446000049],[100.55215608200007,13.770600776000038],[100.55207571000005,13.770448252000051],[100.55187528100004,13.770140285000025],[100.55176391700007,13.769993746000068],[100.55169881800003,13.769885262000059],[100.55109854100004,13.768702657000063],[100.55082010000007,13.768192512000042],[100.55064001500006,13.767880708000064],[100.55000647000009,13.766662355000051],[100.54985800600008,13.766416467000056],[100.54938106600008,13.765722089000064],[100.54890399300007,13.76483143400003],[100.54834272900007,13.763548216000061],[100.54790817100007,13.76368158300005],[100.54765852200006,13.763742145000038],[100.54728357600004,13.763761361000036],[100.54699882800009,13.763729438000041],[100.54690652900007,13.763709767000023],[100.54563346000003,13.763348431000054],[100.54343121400007,13.762715976000038],[100.54306228800004,13.762892886000032],[100.54302065700006,13.762922532000061],[100.54299215500004,13.762961038000071],[100.54291342600004,13.763113562000058],[100.54272569500006,13.763366492000046],[100.54267484100006,13.763418999000066],[100.54262015000006,13.763475463000077],[100.54253218600007,13.763577434000069],[100.54240169700006,13.763728694000065],[100.54238987000008,13.763739892000046],[100.54237922200008,13.763748776000057],