{"ShapeType":5,"Count":928,"Bound":{"Left":97.343358471000045,"Top":5.613037873000053,"Right":105.63696451800007,"Bottom":20.465073815000061},"Shapes":[{"RecordNo":12,"ShapeType":5,"ADM0_EN":"Thailand","ADM0_PCODE":"TH","ADM1_EN":"Bangkok","ADM1_PCODE":"TH10","ADM2_EN":"Yan Nawa","ADM2_PCODE":"TH1012","ADM3_EN":null,"ADM3_PCODE":null,"SHAPE_LENGTH":0.152534136477,"SHAPE_AREA":0.00103561816361,"Parts":[{"Type":5,"Count":287,"Points":[[100.55196230800004,13.717999490000068],[100.55203858600004,13.717996760000062],[100.55210737000004,13.718000829000062],[100.55217622500004,13.718011704000048],[100.55225260200007,13.718028182000069],[100.55232090400006,13.718048064000072],[100.55237472300007,13.718061284000044],[100.55240485000007,13.718069023000055],[100.55244303700005,13.718077814000026],[100.55245861700007,13.718074351000041],[100.55248158700005,13.718054991000031],[100.55253481300008,13.717798149000032],[100.55258035200006,13.717602408000062],[100.55264174500007,13.717277721000073],[100.55266465500006,13.717154436000044],[100.55274095600004,13.716892921000067],[100.55277146500004,13.716789917000028],[100.55285515900005,13.716510296000024],[100.55293887800008,13.716238611000051],[100.55309937900006,13.716303119000031],[100.55331317600007,13.71638768300005],[100.55347305000004,13.716448814000046],[100.55375391500007,13.716543495000053],[100.55383804000007,13.715715868000075],[100.55404606900004,13.71378356200006],[100.55422116600005,13.711944071000062],[100.55424448700006,13.711713441000029],[100.55432960800005,13.710772808000058],[100.55486719200007,13.705483354000023],[100.55450520900007,13.705224463000036],[100.55350062600007,13.704505959000073],[100.55298161400003,13.703951761000042],[100.55274998300007,13.703649067000072],[100.55253578800006,13.703332794000062],[100.55233985000007,13.70300422300005],[100.55213981600008,13.702615484000035],[100.55196217800005,13.702215041000045],[100.55180489500003,13.701805616000058],[100.55166810400004,13.701388885000029],[100.55155405100004,13.700965630000042],[100.55146381900005,13.700526697000043],[100.55139843100005,13.700082983000073],[100.55135668500009,13.699635925000052],[100.55133932500007,13.699243895000052],[100.55133649200008,13.69885068800005],[100.55136252500006,13.698062643000071],[100.55141974300005,13.697274563000065],[100.55150575400006,13.696474667000075],[100.55153689900004,13.696244403000037],[100.55161547200004,13.695663536000041],[100.55180007600006,13.694449960000043],[100.55220127600006,13.691943067000068],[100.55233432600005,13.691050224000037],[100.55239338900009,13.690603187000022],[100.55248804600007,13.689724858000034],[100.55255426600007,13.688844987000039],[100.55257459600006,13.688404698000056],[100.55258370500008,13.68796425000005],[100.55257954200005,13.687515378000057],[100.55256432900006,13.687066422000044],[100.55251166600004,13.686168371000065],[100.55244121200008,13.685283513000059],[100.55235876300009,13.684412242000065],[100.55226158000005,13.683542171000056],[100.55220711700008,13.683119847000057],[100.55208607800006,13.682276687000069],[100.55195174200009,13.681435624000073],[100.55180152700007,13.680598041000053],[100.55171750300008,13.680181498000025],[100.55162472000006,13.679767288000051],[100.55152006000009,13.679356332000054],[100.55139602800006,13.678934523000066],[100.55125770800004,13.678517029000034],[100.55119874800005,13.678355619000058],[100.55116037000005,13.678250566000031],[100.55110674900004,13.678103777000047],[100.55094351000008,13.677695153000059],[100.55076712600004,13.677292032000025],[100.55057541300005,13.676895832000071],[100.55037413800005,13.676521475000072],[100.55030080600005,13.676395754000055],[100.55015954600003,13.676153549000048],[100.54996409700004,13.675845432000074],[100.54970191600006,13.675432104000038],[100.54921639700007,13.674726626000052],[100.54896398200003,13.674380437000025],[100.54870406600008,13.674039919000052],[100.54735958100008,13.672606121000058],[100.54735667900008,13.672603031000051],[100.54592354500005,13.671397001000059],[100.54556083700004,13.671158133000063],[100.54519125500008,13.670928489000062],[100.54481558700007,13.670707742000047],[100.54443400600007,13.670496515000025],[100.54409150200007,13.670318454000039],[100.54339466900007,13.669985372000042],[100.54304108800005,13.669830384000022],[100.54268408900003,13.669684243000063],[100.54232336700005,13.669548683000073],[100.54189722400008,13.669406051000067],[100.54146661900006,13.669279495000069],[100.54103256100007,13.669168824000053],[100.54059570900006,13.66907556700005],[100.54015640200004,13.669003087000021],[100.53971472800004,13.668956786000024],[100.53931803200004,13.668941674000052],[100.53892003100003,13.668947967000065],[100.53852134700009,13.66897152100006],[100.53812254000007,13.669009509000034],[100.53772417000005,13.66906029300003],[100.53732680600007,13.669123342000034],[100.53693742200005,13.669197171000064],[100.53654959900007,13.669280956000023],[100.53577898800006,13.669472997000071],[100.53539675000008,13.669580404000044],[100.53501715900006,13.669696019000071],[100.53464093200006,13.669821182000021],[100.53420927700006,13.669979961000024],[100.53378265300006,13.670151410000074],[100.53336078900009,13.670333807000077],[100.53294386900006,13.670526637000023],[100.53253262700008,13.670730560000038],[100.53217931400008,13.670918201000063],[100.53148547400008,13.671315984000046],[100.53080687300007,13.671738150000067],[100.53047376400008,13.67195827200004],[100.53014568100008,13.672185374000037],[100.52979111000008,13.672444159000065],[100.52909708800007,13.672981996000033],[100.52884856400004,13.673185448000027],[100.52807754900005,13.673816612000053],[100.52707313000008,13.674669008000024],[100.52608501100008,13.675542972000073],[100.52543532200008,13.676140605000057],[100.52340115700008,13.677882705000059],[100.52288963300003,13.678344130000028],[100.52236007000005,13.678837789000056],[100.52164309000006,13.679473812000026],[100.52091733600008,13.680095216000041],[100.52031165000005,13.680516997000041],[100.51992770200008,13.680830109000056],[100.51921774200008,13.681298828000024],[100.51847943600006,13.681772283000043],[100.51759874600003,13.682291813000063],[100.51758150500007,13.682302106000066],[100.51698184600008,13.682678629000066],[100.51732411400008,13.683115756000063],[100.51785188500008,13.683789795000052],[100.51828777000009,13.684346480000045],[100.51842555400003,13.684522449000042],[100.51841525000003,13.684627588000069],[100.51846355000004,13.684682685000041],[100.51851104100007,13.684702714000025],[100.51859142600006,13.684802784000056],[100.51859239500004,13.684858127000041],[100.51865003100005,13.684930124000061],[100.51864787300008,13.68494706000007],[100.51861326100004,13.684959710000044],[100.51884818200006,13.685272468000051],[100.51901876800008,13.685483837000049],[100.51913491900007,13.685574650000035],[100.51925718600006,13.68562703200007],[100.51935105400008,13.685685001000024],[100.51942715400008,13.685762965000038],[100.51948541700006,13.685822661000032],[100.51957475700004,13.685922438000034],[100.51961504200006,13.685966407000024],[100.51965372700005,13.686032492000038],[100.51972752700004,13.686101952000058],[100.51979195200005,13.686162582000065],[100.51982869600005,13.686196368000026],[100.52002210700005,13.686336121000068],[100.52023254600005,13.686387238000066],[100.52040801700008,13.686450690000072],[100.52063362800004,13.686560108000037],[100.52078104400005,13.686740837000059],[100.52145266200006,13.687585240000033],[100.52194079000009,13.688196944000026],[100.52651846200007,13.692601707000051],[100.52735274800006,13.693453541000054],[100.52807471900007,13.694190691000074],[100.52927469000008,13.695633343000054],[100.52984271600008,13.696343287000047],[100.53039364700004,13.697042336000038],[100.53110015900006,13.697830442000054],[100.53123101300008,13.697953621000067],[100.53133677200003,13.698038691000022],[100.53148347200005,13.698126367000043],[100.53171292500008,13.69823539600003],