{"ShapeType":5,"Count":928,"Bound":{"Left":97.343358471000045,"Top":5.613037873000053,"Right":105.63696451800007,"Bottom":20.465073815000061},"Shapes":[{"RecordNo":47,"ShapeType":5,"ADM0_EN":"Thailand","ADM0_PCODE":"TH","ADM1_EN":"Bangkok","ADM1_PCODE":"TH10","ADM2_EN":"Bang Na","ADM2_PCODE":"TH1047","ADM3_EN":null,"ADM3_PCODE":null,"SHAPE_LENGTH":0.200075635854,"SHAPE_AREA":0.00159167877647,"Parts":[{"Type":5,"Count":449,"Points":[[100.62277148800007,13.684428812000022],[100.62277469300005,13.683755684000062],[100.62277954000007,13.683553936000067],[100.62278914900008,13.683370233000062],[100.62279954700006,13.683168643000045],[100.62281181300006,13.683084879000035],[100.62282799900004,13.683024519000071],[100.62305774400005,13.682466438000063],[100.62338578500004,13.68164478500006],[100.62370401200008,13.680823196000063],[100.62396127500006,13.680125162000024],[100.62416817300004,13.679626322000047],[100.62419350400006,13.679566968000074],[100.62454700800004,13.678675826000074],[100.62465492900009,13.678408503000071],[100.62616621700005,13.678352193000023],[100.62773999400008,13.678293545000031],[100.62800311500007,13.678284499000029],[100.63091192700006,13.678184517000034],[100.63173515400007,13.678153039000051],[100.63251120700005,13.678123360000029],[100.63479494300009,13.67803809000003],[100.63599530200008,13.678002412000069],[100.63750789700004,13.677964658000064],[100.63765149600005,13.67796370800005],[100.63815573100004,13.677955477000069],[100.63930609600004,13.677934803000028],[100.64023600300004,13.677941022000027],[100.64024455300006,13.677885047000075],[100.64041590100004,13.67709416200006],[100.64057024000005,13.676602805000073],[100.64063460000006,13.676307448000046],[100.64071072400009,13.676119378000067],[100.64131241000007,13.675157267000031],[100.64154896100007,13.674823124000056],[100.64184679500005,13.674402403000045],[100.64203482100004,13.674069066000072],[100.64226335100005,13.673663915000077],[100.64231000900008,13.673586688000057],[100.64252048200007,13.673237224000047],[100.64275331900006,13.672850616000062],[100.64283542300007,13.672757168000032],[100.64288764700007,13.672697743000072],[100.64304458400005,13.672442851000028],[100.64328238600007,13.672069541000042],[100.64357578600004,13.671652132000077],[100.64373657700008,13.671459730000038],[100.64375063100005,13.671447826000076],[100.64400314000005,13.671234003000052],[100.64400335400006,13.671233825000059],[100.64408725500005,13.671136787000023],[100.64423628700007,13.670964414000025],[100.64424181900006,13.670959071000027],[100.64424579300004,13.670955223000021],[100.64424865300003,13.670952458000045],[100.64426669300008,13.670935021000048],[100.64430082200005,13.670902046000037],[100.64430484700006,13.670898161000025],[100.64430749400003,13.670895594000058],[100.64431636100005,13.670887033000042],[100.64445841500009,13.670749740000076],[100.64451840700008,13.670685698000057],[100.64453055600006,13.670672731000025],[100.64460960400004,13.670586531000026],[100.64461929800007,13.670575962000044],[100.64464152600004,13.670551726000042],[100.64465494800004,13.670489327000041],[100.64465556900007,13.670486453000024],[100.64465626000003,13.670483191000074],[100.64465917100006,13.670469683000022],[100.64466860600004,13.670425813000065],[100.64474685800008,13.67024940500005],[100.64478894900009,13.670154528000069],[100.64503308100007,13.669778331000032],[100.64523315200006,13.669607532000043],[100.64546148000005,13.669480284000031],[100.64556810800008,13.669432439000048],[100.64558086400007,13.669424711000033],[100.64558252800003,13.669423702000074],[100.64559291800003,13.66941741900007],[100.64582951000006,13.669297229000051],[100.64611289400006,13.669266458000038],[100.64659489300004,13.669168409000065],[100.64678861900006,13.66914395200007],[100.64771067300006,13.669064408000054],[100.64857168000003,13.669095969000068],[100.64933638900004,13.66916152500005],[100.64959471000009,13.669170416000043],[100.64973342300004,13.669175187000064],[100.64979273500006,13.66917722900007],[100.64982892400008,13.669178471000066],[100.64994852300004,13.669182591000038],[100.65004517500006,13.669186600000046],[100.65108371300005,13.669229698000038],[100.65230259700007,13.669254377000073],[100.65324276900009,13.669232785000077],[100.65346842300005,13.669170682000072],[100.65362223100004,13.669078728000045],[100.65374748100004,13.669003844000031],[100.65379229100006,13.668975588000023],[100.65377866900008,13.668941625000059],[100.65376868100009,13.668913905000068],[100.65375972300006,13.668886309000072],[100.65375584900005,13.668874384000048],[100.65374422300005,13.66883445700006],[100.65373348000009,13.668794224000067],[100.65371375900008,13.668713156000024],[100.65366757300006,13.668509295000035],[100.65364775200004,13.668428078000034],[100.65362592300005,13.668348859000048],[100.65361391500005,13.668309588000057],[100.65360100500004,13.668270607000068],[100.65359134000005,13.668243872000062],[100.65358593700006,13.668228920000047],[100.65356990500004,13.668187557000067],[100.65353588000005,13.668105473000026],[100.65348204000009,13.667983330000027],[100.65337830800007,13.667754899000045],[100.65332668000008,13.667635443000052],[100.65327762900006,13.667515043000037],[100.65324728300004,13.667433966000033],[100.65323299300007,13.667392415000052],[100.65320628600006,13.667308692000063],[100.65316926000008,13.66718215700007],[100.65313538800007,13.667054805000078],[100.65309575500004,13.666892131000054],[100.65308463800005,13.666850021000073],[100.65306099000009,13.666766137000025],[100.65301062900005,13.666599113000075],[100.65295801600007,13.666432756000063],[100.65293053000005,13.66635001800006],[100.65290143300007,13.666267891000075],[100.65288591200005,13.66622721300007],[100.65286005400009,13.666164299000059],[100.65280133900006,13.666030211000077],[100.65278876100007,13.665999929000066],[100.65276538800003,13.665938702000062],[100.65275116000004,13.66589695700003],[100.65273792200009,13.665854844000023],[100.65271344500007,13.665769940000075],[100.65267936000004,13.66564164600004],[100.65259218600005,13.665298220000068],[100.65253866800003,13.665083356000025],[100.65251814500005,13.664997217000064],[100.65249885600008,13.664911891000031],[100.65240689900008,13.664484200000061],[100.65238762800004,13.664400109000042],[100.65235786400007,13.664270205000037],[100.65232611800008,13.664138268000045],[100.65231703600006,13.664100548000022],[100.65229568100006,13.664017920000049],[100.65228412100004,13.663976889000026],[100.65227161500008,13.663936174000071],[100.65226011200008,13.663901984000063],[100.65224778800007,13.66386807300006],[100.65222097300006,13.663801016000036],[100.65219096300007,13.663734158000068],[100.65215091200008,13.663644927000064],[100.65211655100006,13.663566525000022],[100.65208313700003,13.663487683000028],[100.65206943600003,13.663454364000074],[100.65200056000003,13.663286907000042],[100.65196879500007,13.663212927000075],[100.65191791900008,13.663100095000061],[100.65180753900006,13.662865192000027],[100.65179778400005,13.662843604000045],[100.65177195000007,13.662786427000071],[100.65175487400006,13.662746757000036],[100.65172148500005,13.662663900000041],[100.65168979800006,13.66258036000005],[100.65165112100004,13.662474429000042],[100.65158248200004,13.662286481000024],[100.65153543200006,13.662161513000058],[100.65143805300005,13.66191522400004],[100.65127308300004,13.661505716000022],[100.65120671800008,13.661346088000073],[100.65117636600007,13.661276627000063],[100.65112575000006,13.661160818000042],[100.65110160600005,13.661107769000068],[100.65107547100007,13.661050364000062],[100.65095499800003,13.660795571000051],[100.65092189700005,13.660721626000054],[100.65089027700009,13.660646516000043],[100.65087513000003,13.660608731000025],[100.65084655400005,13.660532620000026],[100.65083342400004,13.660494239000059],[100.65082138500009,13.660455542000022],[100.65081389600005,13.66042880200007],[100.65079830200006,13.660363268000026],[100.65078368700006,