{"ShapeType":5,"Count":928,"Bound":{"Left":97.343358471000045,"Top":5.613037873000053,"Right":105.63696451800007,"Bottom":20.465073815000061},"Shapes":[{"RecordNo":16,"ShapeType":5,"ADM0_EN":"Thailand","ADM0_PCODE":"TH","ADM1_EN":"Bangkok","ADM1_PCODE":"TH10","ADM2_EN":"Bangkok Yai","ADM2_PCODE":"TH1016","ADM3_EN":null,"ADM3_PCODE":null,"SHAPE_LENGTH":0.0953427856219,"SHAPE_AREA":0.000525874984685,"Parts":[{"Type":5,"Count":397,"Points":[[100.48902393700007,13.746642449000035],[100.48984982700006,13.745303866000029],[100.49037777400008,13.744448170000055],[100.49160805300005,13.742686763000052],[100.49194571400005,13.742203325000048],[100.49196979800007,13.742172671000049],[100.49133267300005,13.741622265000046],[100.49120612100006,13.741490390000024],[100.49117358300003,13.741456480000068],[100.49100947200009,13.741291933000071],[100.49081048300008,13.741066286000034],[100.49080811300007,13.741063733000033],[100.49064629900005,13.740889476000064],[100.49055969000006,13.740805851000062],[100.49040650300009,13.740657947000045],[100.49040377900008,13.740654912000025],[100.48995173300006,13.740151813000068],[100.48978424100005,13.739947434000044],[100.48970916600007,13.739851740000063],[100.48925304500006,13.739270341000065],[100.48897859000005,13.738732011000025],[100.48893845500004,13.738651567000034],[100.48872027300007,13.738274280000042],[100.48870532400008,13.73824843500006],[100.48868768300008,13.738208425000039],[100.48861898400008,13.738052646000028],[100.48861090700007,13.738034331000051],[100.48860499100005,13.738014941000074],[100.48854241800007,13.737809879000054],[100.48848527400008,13.737541309000051],[100.48846832400005,13.737493664000056],[100.48844129200006,13.737417688000051],[100.48844066100008,13.737415911000028],[100.48841099900005,13.737344457000063],[100.48829384500004,13.737062251000054],[100.48816773700008,13.736673162000045],[100.48799647200008,13.736277570000027],[100.48794427100006,13.736195874000032],[100.48786578000005,13.73606918400003],[100.48783069400008,13.736006323000026],[100.48779598200008,13.735944120000056],[100.48779591400006,13.735943999000028],[100.48779584400006,13.735943872000064],[100.48779096000004,13.735935124000037],[100.48770726000004,13.735779946000037],[100.48766145100007,13.735662709000053],[100.48755296500008,13.735504002000027],[100.48737763300005,13.735195452000028],[100.48730772900007,13.735024141000054],[100.48724503800008,13.734786334000035],[100.48719174200005,13.734584162000033],[100.48712764400005,13.734267493000061],[100.48710731400007,13.734160281000072],[100.48704328800005,13.733995678000042],[100.48695124700004,13.733749396000064],[100.48692278600004,13.733673243000055],[100.48687187800005,13.733541998000021],[100.48687172400008,13.733541737000053],[100.48680975100007,13.733436624000035],[100.48674512800005,13.733322497000074],[100.48667154200007,13.733022328000061],[100.48647293500005,13.732404302000077],[100.48643862400007,13.732228708000037],[100.48639809400004,13.73199573900007],[100.48641114100008,13.731860027000039],[100.48638535000004,13.731716712000036],[100.48640639000007,13.731569699000033],[100.48636666100003,13.731322401000057],[100.48636497800004,13.731311934000075],[100.48636070400005,13.731285334000063],[100.48633101500008,13.731100543000025],[100.48607439200004,13.729503239000053],[100.48597184100004,13.728992692000077],[100.48594443700006,13.728728881000052],[100.48590954900004,13.728380628000025],[100.48590069600004,13.728205971000023],[100.48590067200007,13.728162559000054],[100.48587566000003,13.728075727000032],[100.48584511600006,13.727969692000045],[100.48579428700003,13.727878469000075],[100.48577346700006,13.72781212700005],[100.48572115700006,13.727664913000069],[100.48552496700006,13.727018157000032],[100.48552461300005,13.727017024000077],[100.48552450600005,13.727016822000053],[100.48547445600008,13.726924463000046],[100.48536688100006,13.726729650000038],[100.48535758900005,13.726716418000024],[100.48526865000008,13.726589776000026],[100.48509228800003,13.726282690000062],[100.48508627700005,13.726268797000046],[100.48507096000009,13.726233400000069],[100.48506678900009,13.726223762000075],[100.48506479000008,13.726219141000058],[100.48505801800008,13.726203492000025],[100.48484695900004,13.725715735000051],[100.48481716000003,13.725623445000053],[100.48480276500004,13.725578863000067],[100.48463277300004,13.725052431000052],[100.48461193200006,13.724987879000025],[100.48459510000004,13.724935749000053],[100.48458580800008,13.724906978000036],[100.48457489100008,13.724873182000067],[100.48451943300006,13.724819626000055],[100.48445835900009,13.72476064500006],[100.48443910200007,13.724745701000074],[100.48416070800005,13.724529613000073],[100.48404522300007,13.724505064000027],[100.48361511800005,13.724268685000027],[100.48302728000004,13.724036072000047],[100.48295618200007,13.724021665000066],[100.48287534300005,13.724000605000072],[100.48279806800008,13.723960337000051],[100.48225867500008,13.723787752000021],[100.48210966700003,13.723726070000055],[100.48202738200007,13.723692008000057],[100.48185671800007,13.723621361000028],[100.48164254900007,13.723532707000061],[100.48164861500004,13.72352025500004],[100.48165725000007,13.723502526000061],[100.48166129400005,13.723494231000075],[100.48156397300005,13.723455303000037],[100.48144786800003,13.72341579600004],[100.48051767900006,13.723090193000076],[100.47983970700005,13.72293991600003],[100.47912154300008,13.722761665000064],[100.47910875200006,13.722762709000051],[100.47900111400008,13.722737360000053],[100.47895927600007,13.722710980000045],[100.47872831500007,13.722636133000037],[100.47868430100004,13.722621865000065],[100.47868426400004,13.722621857000036],[100.47856156800003,13.722594229000038],[100.47802471500006,13.722503644000028],[100.47768588900004,13.72248899300007],[100.47732321700005,13.722431466000046],[100.47645143000005,13.722259540000039],[100.47636523300008,13.722253800000033],[100.47635122100007,13.722253884000054],[100.47634117700005,13.722252054000023],[100.47634033100007,13.722251992000054],[100.47632067300003,13.722250550000069],[100.47631042100005,13.722246462000044],[100.47630177500008,13.722244882000041],[100.47629377800007,13.722242729000072],[100.47628523300006,13.722240429000067],[100.47627205400005,13.722236879000036],[100.47623656200005,13.722227319000069],[100.47622180700006,13.722225410000021],[100.47621658800006,13.722224736000044],[100.47621653200008,13.722224736000044],[100.47613802900008,13.722224419000042],[100.47608785300008,13.722224213000061],[100.47608769600004,13.722224212000072],[100.47608753800006,13.722224212000072],[100.47608738100007,13.722224212000072],[100.47608721900008,13.722224212000072],[100.47608705800008,13.722224213000061],[100.47601610500004,13.722227005000036],[100.47589387200009,13.722234917000037],[100.47566379700004,13.722219560000042],[100.47556398700004,13.722222416000022],[100.47555770700006,13.722223489000044],[100.47538236600008,13.722237047000021],[100.47532141000005,13.722240787000033],[100.47499106300006,13.722260902000073],[100.47482724700006,13.722271431000024],[100.47473186700006,13.722274405000064],[100.47465364100003,13.722284427000034],[100.47458517800004,13.722292017000029],[100.47444579000006,13.722302440000021],[100.47422849200007,13.722310508000021],[100.47373581300008,13.722329556000034],[100.47373392400004,13.722329572000035],[100.47373332700005,13.722329577000039],[100.47319336100009,13.722334053000054],[100.47308590200004,13.722334364000062],[100.47306320700005,13.722334425000042],[100.47306283300009,13.722334428000067],[100.47306244900005,13.722334428000067],[100.47306206500008,13.722334430000046],[100.47306167700003,13.722334432000025],[100.47306128400004,13.722334434000061],[100.47300295200006,13.722346068000036],[100.47298114600005,13.722374352000031],[100.47297380800006,13.722383873000069],[100.47297143200007,13.722386956000037],[100.47291943200008,13.722399009000071],[100.47291145500009,13.72240086000005],