{"ShapeType":5,"Count":928,"Bound":{"Left":97.343358471000045,"Top":5.613037873000053,"Right":105.63696451800007,"Bottom":20.465073815000061},"Shapes":[{"RecordNo":928,"ShapeType":5,"ADM0_EN":"Thailand","ADM0_PCODE":"TH","ADM1_EN":"Narathiwat","ADM1_PCODE":"TH96","ADM2_EN":"Cho-Airong","ADM2_PCODE":"TH9613","ADM3_EN":null,"ADM3_PCODE":null,"SHAPE_LENGTH":0.582916183256,"SHAPE_AREA":0.0159446563284,"Parts":[{"Type":5,"Count":472,"Points":[[101.85235901100003,6.298306635000074],[101.85389984300008,6.2976801440000258],[101.85560363300004,6.2975644880000345],[101.85608558900009,6.29755491100002],[101.85651764600004,6.2975652110000624],[101.85680034600006,6.2975884190000215],[101.85807963900004,6.2978260390000287],[101.85883109900004,6.2980419300000676],[101.86012521600009,6.298413718000063],[101.86046648300004,6.2985167580000621],[101.86195105900004,6.2988869200000295],[101.86223338900004,6.2989386180000224],[101.86252161000004,6.29896506700004],[101.86370550000004,6.2990737120000517],[101.86427989900005,6.2990740190000452],[101.86440052900008,6.2990686670000287],[101.86515611100003,6.2989711750000765],[101.86560731800006,6.2988802680000617],[101.86649993900005,6.2987034180000592],[101.86882592200004,6.2982413210000345],[101.87183824000005,6.2980501370000752],[101.87445894200005,6.2978441060000705],[101.87558712700007,6.2976221910000731],[101.87722622000007,6.2973699750000378],[101.87798254800003,6.2972258180000722],[101.87798766400005,6.2972248420000483],[101.87931567400005,6.2971539560000451],[101.87990474500003,6.2971632440000462],[101.88042495600007,6.29717144500006],[101.88072460800004,6.2971960360000594],[101.88132209300005,6.2972668960000533],[101.88167719100005,6.2973240990000363],[101.88178847300009,6.2973420250000345],[101.88200430000006,6.2973815140000511],[101.88241619200005,6.2974877780000611],[101.88320752100009,6.2977542130000757],[101.88345673200007,6.2978377300000261],[101.88414012200008,6.2980972380000253],[101.88475208100005,6.2983895330000337],[101.88530325400006,6.2986766350000494],[101.88664669000008,6.299479179000059],[101.88672343500008,6.2995250250000367],[101.88784145700004,6.300204529000041],[101.88882187700006,6.30077745400007],[101.88883892700005,6.3007903570000394],[101.88903842400003,6.3009080750000521],[101.88912154900004,6.3009573550000368],[101.88924257900004,6.30102177200007],[101.88925122000006,6.30102591900004],[101.88939740400008,6.3010856580000336],[101.88992748000004,6.3012504870000612],[101.89021709500008,6.3013240230000633],[101.89052349900004,6.3013803010000515],[101.89061947100004,6.3013979280000285],[101.89069376900005,6.3014074950000349],[101.89149784500006,6.301436686000045],[101.89154193200005,6.301435601000037],[101.89191768600006,6.3014068320000547],[101.89203498600006,6.3013923460000569],[101.89246387100008,6.3013393820000374],[101.89279331900008,6.3012813110000252],[101.89377385500006,6.3010410320000574],[101.89398472800008,6.3009737200000586],[101.89418354500003,6.3008845170000427],[101.89496367600003,6.3005344990000367],[101.89504192200008,6.3004917490000594],[101.89530118400006,6.30035009900007],[101.89559702000008,6.3001406600000678],[101.89576656000008,6.300011353000059],[101.89623883400009,6.2996257410000567],[101.89627175400005,6.2995900170000709],[101.89664267700005,6.2991332760000205],[101.89669970100005,6.2990383000000634],[101.89682931100003,6.2988224280000509],[101.89702434600008,6.2982451750000337],[101.89708635200009,6.2980616550000263],[101.89710592400007,6.297987006000028],[101.89718465000004,6.2975128580000614],[101.89732227600007,6.2966839650000566],[101.89738773000005,6.2963656480000623],[101.89743694200007,6.2961263220000205],[101.89746197500006,6.2960638520000316],[101.89748010600005,6.2960344610000334],[101.89754691100006,6.29595352900003],[101.89759414600007,6.29590872600005],[101.89772334300005,6.2958002390000729],[101.89804801700007,6.2955828960000417],[101.89813207700007,6.2955345660000717],[101.89841124600008,6.29537405800005],[101.89851876500006,6.2953122400000439],[101.89867298500008,6.2952340100000583],[101.89889887000004,6.2951305120000711],[101.89911102200006,6.2950409080000327],[101.89927363500004,6.2949819740000521],[101.89939223100004,6.2949536820000276],[101.89958545000008,6.2949360290000413],[101.89970317400008,6.2949493420000522],[101.89974849200007,6.2949544660000356],[101.89988691200006,6.294990852000069],[101.89996143100007,6.2950170150000417],[101.90005779300009,6.2950652730000343],[101.90006249500004,6.29506807000007],[101.90037614900007,6.2952836500000444],[101.90086488100008,6.2956972080000355],[101.90105334700007,6.2958332180000411],[101.90107630100005,6.2958479240000429],[101.90110509600004,6.295864300000062],[101.90120938700005,6.29591073000006],[101.90129079300004,6.2959318570000278],[101.90146098800005,6.2959613810000405],[101.90154643300008,6.2959641320000514],[101.90162650500008,6.2959609230000524],[101.90167219300008,6.2959527110000408],[101.90177535500004,6.2959103560000358],[101.90183867200005,6.2958740810000222],[101.90188054800007,6.2958451700000637],[101.90199942800007,6.2957143600000336],[101.90242561600007,6.2951440660000344],[101.90289414900008,6.2944755030000579],[101.90310218000008,6.2942320330000712],[101.90313578000007,6.294185523000067],[101.90323667500007,6.2940584980000267],[101.90398128600003,6.2932013010000674],[101.90453551700006,6.2926564080000276],[101.90476792600003,6.2924360460000344],[101.90480751700005,6.29240343400005],[101.90492856500003,6.2923198600000205],[101.90528368600008,6.29211616300006],[101.90608785200004,6.2917137720000369],[101.90661705000008,6.2914482810000436],[101.90694320400007,6.2912846540000373],[101.90741703400005,6.2910000460000219],[101.90771770500004,6.2908066270000518],[101.90851014300006,6.2902827140000568],[101.90948459600008,6.2897135740000749],[101.90983606200007,6.2895155350000209],[101.91135229400004,6.2886209840000333],[101.91157491300004,6.2884438700000374],[101.91234345400005,6.287832422000065],[101.91341652900007,6.2868873310000595],[101.91412029600008,6.28605125100006],[101.91452336100008,6.2855322710000223],[101.91539261800006,6.2844248740000239],[101.91608095200007,6.2835588930000768],[101.91634903900007,6.2831757310000285],[101.91664504700009,6.2827285550000624],[101.91684457000008,6.2823762130000205],[101.91711475800008,6.281544095000072],[101.91719882300004,6.2811387410000634],[101.91723247100003,6.2808917930000234],[101.91724084200007,6.2806749260000743],[101.91722600800006,6.2798386980000487],[101.91712836600004,6.2778511580000327],[101.91608995500008,6.277800356000057],[101.91480839400003,6.277739370000063],[101.91410022600007,6.2777981500000237],[101.91369017100004,6.27780457800003],[101.91251784300005,6.2777965990000553],[101.91234407000007,6.2777711580000641],[101.91229886700006,6.277764540000021],[101.91225490400007,6.2777525830000513],[101.91220476000007,6.2777361680000467],[101.91215482200005,6.277717348000067],[101.91204354500007,6.2776519790000407],[101.91197202500007,6.2775996960000384],[101.91194571800008,6.2775722450000444],[101.91191663800004,6.2775323020000542],[101.91181715200008,6.2773689610000361],[101.91160510000009,6.2769396490000418],[101.91144515800005,6.2766494740000667],[101.91118897300004,6.2762677230000463],[101.91113218800007,6.2761922500000651],[101.91105134700007,6.2760695200000214],[101.91102555400005,6.276014410000073],[101.91100490900004,6.275961910000035],[101.91097482400005,6.2758497770000758],[101.91097944300009,6.2757457530000238],[101.91098701500005,6.275705136000056],[101.91100133400005,6.275631368000063],[101.91102299600004,6.27555387600006],[101.91106158900004,6.2754798460000529],[101.91107361300004,6.2754482440000743],[101.91110162500007,6.2754030500000226],[101.91123988800007,6.2751799720000463],[101.91142093500008,6.2749613550000731],[101.91179329400006,6.2745074870000508],[101.91185702600006,6.274422161000075],[101.91193501400005,6.2742932350000729],[101.91223631100007,6.2737237040000764],[101.91274309100004,6.2728608130000225],