{"ShapeType":5,"Count":928,"Bound":{"Left":97.343358471000045,"Top":5.613037873000053,"Right":105.63696451800007,"Bottom":20.465073815000061},"Shapes":[{"RecordNo":900,"ShapeType":5,"ADM0_EN":"Thailand","ADM0_PCODE":"TH","ADM1_EN":"Pattani","ADM1_PCODE":"TH94","ADM2_EN":"Mayo","ADM2_PCODE":"TH9405","ADM3_EN":null,"ADM3_PCODE":null,"SHAPE_LENGTH":0.649865950506,"SHAPE_AREA":0.0163825518596,"Parts":[{"Type":5,"Count":393,"Points":[[101.41923684100004,6.7792393700000275],[101.42155501800005,6.7780430920000754],[101.42477409100007,6.7758785200000489],[101.43190056700007,6.7706261230000564],[101.43496108200009,6.7687695930000586],[101.43623854300006,6.7686179920000313],[101.43732567300003,6.7687141320000705],[101.43909060000004,6.7688702080000667],[101.43910583000007,6.7688715560000219],[101.44067277500005,6.7691398680000248],[101.44298968200008,6.7690382630000272],[101.44383396700005,6.7690012360000651],[101.44635298400004,6.7693567990000361],[101.44942609500004,6.7700164200000472],[101.45114652400008,6.7702839220000328],[101.45274277000004,6.7702758670000662],[101.45384879200009,6.7704544000000624],[101.45480412200004,6.7711860450000358],[101.45711123800004,6.77268288700003],[101.45798858200004,6.7730907750000711],[101.46143422200004,6.7738206800000285],[101.46261463300004,6.7723618350000265],[101.46402662600008,6.7712125140000694],[101.46519596900004,6.7698006230000374],[101.46616094500007,6.7686552400000437],[101.46758227100008,6.7672415150000234],[101.46870767100006,6.7660829130000479],[101.47023133000005,6.7645647140000733],[101.47083717400005,6.7642498260000252],[101.47238870900009,6.763443776000031],[101.47294530800008,6.7631099180000547],[101.47435088000009,6.7622662170000467],[101.47555667100005,6.7611416560000634],[101.47699133000003,6.7599113980000425],[101.47860491500006,6.7582091590000459],[101.47974278900006,6.7571764540000459],[101.48140199800008,6.7554389630000742],[101.48481586900005,6.7520814940000378],[101.48685754400009,6.7497811340000453],[101.48807341300005,6.7485390170000414],[101.48978207400006,6.7467679490000592],[101.49114727200004,6.7448940830000765],[101.49213337900005,6.7432611550000274],[101.49285559100008,6.7419509260000723],[101.49410524200005,6.7400307910000379],[101.49516046200006,6.7384325260000537],[101.49614662200008,6.7370300000000611],[101.49778270700006,6.7359885210000243],[101.49948879300007,6.7354917400000431],[101.50123982900004,6.7339492160000418],[101.50107741200009,6.7319092260000275],[101.50018812800005,6.7306016150000687],[101.49875765800005,6.7293069140000625],[101.49728257200007,6.7284603890000767],[101.49565980100005,6.7274592560000315],[101.49400669700003,6.7257143770000312],[101.49242243100008,6.7242797960000757],[101.49024046400007,6.7210881490000247],[101.48968901100005,6.7193076830000678],[101.48870093000005,6.7171142400000576],[101.48759790000008,6.7147480060000362],[101.48665708100003,6.7126176060000375],[101.48413139800005,6.7121548000000644],[101.48228333800006,6.7117201550000232],[101.48053934800004,6.711538072000053],[101.47866865300006,6.7113215700000524],[101.47563909600007,6.71099120100007],[101.47286203100003,6.7109820350000291],[101.47008486400006,6.7110655220000694],[101.46776691200006,6.7111246610000421],[101.46535681300009,6.7111729140000307],[101.46300440600004,6.7113474390000647],[101.46098491800007,6.7115451160000248],[101.45897674400004,6.7117534740000337],[101.45880732100005,6.7117661740000472],[101.45708352600008,6.71189346500006],[101.45533923900007,6.7121015880000527],[101.45329626800009,6.7122411640000337],[101.45199910500008,6.7113692840000567],[101.45128673700003,6.7092443920000733],[101.44923241800007,6.7085795990000747],[101.44616852700005,6.7090767450000612],[101.44457356200007,6.7087559230000693],[101.44177370600005,6.70882750800007],[101.43951777300003,6.7082987240000307],[101.43913378500008,6.7082322620000241],[101.43822665400006,6.706015672000035],[101.43844376100009,6.7037747940000258],[101.43751918800007,6.7023666230000458],[101.43706353700009,6.7012292620000267],[101.43701201800008,6.7004882070000349],[101.43743529900007,6.6990273970000658],[101.43780979200005,6.6973755240000514],[101.43768414600004,6.6961565710000741],[101.43734609100005,6.6955125910000675],[101.43683859300006,6.6944629250000389],[101.43628302700006,6.6933656700000483],[101.43565570900006,6.6922687680000763],[101.43507504600007,6.69093250100002],[101.43504390100009,6.6894739440000421],[101.43527442800007,6.687727131000031],[101.43533670500005,6.685813759000041],[101.43508876800007,6.6840454010000485],[101.43429239500006,6.6826145420000671],[101.43375710700008,6.6807758630000649],[101.43360169900006,6.6805452730000638],[101.43322702600005,6.6799893440000346],[101.43340613600009,6.6792783810000742],[101.43343814300005,6.67915133300005],[101.43396077300008,6.6784313500000394],[101.43409765500007,6.6770915270000728],[101.43457114800003,6.6761087410000641],[101.43497289000004,6.6751263090000634],[101.43552025900004,6.6745735970000624],[101.43599469400004,6.6737821140000619],[101.43641904800006,6.6725365240000656],[101.43648405900007,6.6711731450000684],[101.43678611000007,6.66937815600005],[101.43651168200006,6.6670838350000281],[101.43610144000007,6.66634454900003],[101.43516102300004,6.6647948260000476],[101.43465193300006,6.6634103650000611],[101.43443889100007,6.6621892300000241],[101.43465964600006,6.6614672320000636],[101.43439673300009,6.66013884900002],[101.43419498900005,6.65821741600007],[101.43396625800006,6.6573214100000655],[101.43351195700006,6.6561701900000685],[101.43257684100007,6.6549892960000534],[101.43182222900003,6.6546726060000765],[101.43103565300004,6.654372090000038],[101.43080874300006,6.6538445380000439],[101.43036645900008,6.65187621900003],[101.42995842900007,6.65035629700003],[101.42996736600009,6.6489144270000224],[101.43030921900004,6.6467500090000726],[101.43020545400009,6.6451965510000264],[101.43002205600004,6.6437396060000538],[101.42970070400008,6.6428730680000285],[101.42883718800005,6.6419549570000527],[101.42764421600003,6.6406579990000409],[101.42722107100008,6.6404705220000437],[101.42650165900005,6.6401517810000428],[101.42531165900005,6.6394596760000582],[101.42344466300006,6.6383055890000264],[101.42229421400003,6.6373428920000492],[101.42092748300007,6.635683383000071],[101.42043191500005,6.6350379500000258],[101.41960753500007,6.6339642610000737],[101.41782573200004,6.6319022710000581],[101.41699336900007,6.6310780540000565],[101.41653262800008,6.6309652620000747],[101.41582092200008,6.6308534150000469],[101.41568062000005,6.6308313660000522],[101.41441523500004,6.630860536000057],[101.41308160500006,6.6310510890000387],[101.41071312100007,6.6313617090000321],[101.40807056200003,6.6316148720000569],[101.40793024100009,6.6316283150000572],[101.40608972700005,6.63168326400006],[101.40526251000006,6.6319173560000308],[101.40273606000005,6.6328729260000614],[101.40030588100007,6.6338074490000736],[101.39988813400004,6.6339680920000319],[101.39980000400004,6.6339245630000505],[101.39961135200008,6.6338313850000645],[101.39947017700007,6.6331878470000447],[101.39969325400006,6.6317372690000411],[101.39968935700006,6.6309320100000377],[101.39961476200006,6.6297819750000713],[101.39921581400006,6.6281733510000436],[101.39819417900009,6.6262686310000731],[101.39691889800008,6.624250092000068],[101.39615648900008,6.6236095490000366],[101.39505127800004,6.6234538260000591],[101.39291232200009,6.6236482050000518],[101.39209770300005,6.6237926930000413],[101.39200876900009,6.6238084660000709],[101.38757863100005,6.6245942080000759],[101.38686811200006,6.6246854900000471],[101.38553202500003,6.6248571380000385],[101.38477139200006,6.6245846940000206],[101.38436140800008,6.6241624200000615],[101.38419328600008,6.6239892590000409],[101.38354538200008,6.62323310000005],[101.38294184100005,6.62213160400006],[101.38234084300007,6.6215592830000674],[101.38146373500007,6.6209882840000205],[101.38088453600005,6.6201627650000319],[101.37945014400003,6.6185360520000245],