{"ShapeType":5,"Count":928,"Bound":{"Left":97.343358471000045,"Top":5.613037873000053,"Right":105.63696451800007,"Bottom":20.465073815000061},"Shapes":[{"RecordNo":41,"ShapeType":5,"ADM0_EN":"Thailand","ADM0_PCODE":"TH","ADM1_EN":"Bangkok","ADM1_PCODE":"TH10","ADM2_EN":"Lak Si","ADM2_PCODE":"TH1041","ADM3_EN":null,"ADM3_PCODE":null,"SHAPE_LENGTH":0.19779073835,"SHAPE_AREA":0.00190210940038,"Parts":[{"Type":5,"Count":453,"Points":[[100.58296401000007,13.890643684000054],[100.58301246500008,13.890634914000032],[100.58317854100005,13.890637843000036],[100.58342385800006,13.890630806000047],[100.58367709300006,13.890600053000071],[100.58409491900005,13.890533451000067],[100.58425555400004,13.890507897000077],[100.58426527600005,13.890506351000056],[100.58435372700006,13.890488104000042],[100.58447668500008,13.890445769000053],[100.58452157600004,13.890430318000028],[100.58455459900006,13.890416572000049],[100.58456071400008,13.890414503000045],[100.58458304500005,13.890409635000026],[100.58459713100007,13.890409544000022],[100.58460675300006,13.890411169000061],[100.58461242100009,13.890413067000054],[100.58461724700004,13.890415851000057],[100.58462802200006,13.890425700000037],[100.58469554800007,13.890528498000037],[100.58476726900005,13.890498575000038],[100.58484843000008,13.890441512000052],[100.58525406600006,13.890297407000048],[100.58540265900007,13.890259348000029],[100.58560979000004,13.890237753000065],[100.58607359400008,13.890153402000067],[100.58674033200003,13.890035979000061],[100.58682443500004,13.890014863000033],[100.58685669400006,13.889998838000054],[100.58691257500004,13.889957314000071],[100.58703022600008,13.889844098000026],[100.58704302400008,13.889822336000066],[100.58710082500005,13.889724043000058],[100.58712166200007,13.889698889000044],[100.58719608000007,13.889646858000049],[100.58725278500003,13.889621684000076],[100.58732492000007,13.889601962000029],[100.58748566000008,13.889558009000041],[100.58762368200007,13.889506101000052],[100.58764623900004,13.889496356000052],[100.58782601700005,13.889418703000047],[100.58794309200005,13.889376355000024],[100.58810891600007,13.889357164000046],[100.58821200600005,13.889360381000074],[100.58824328700007,13.889365650000059],[100.58837235000004,13.889407434000077],[100.58859609600006,13.889530390000061],[100.58864225300005,13.889550526000051],[100.58870726000004,13.889561772000036],[100.58880770300004,13.889570711000033],[100.58887931600003,13.889568727000039],[100.58900440500008,13.889544843000067],[100.58906903300004,13.889532505000034],[100.58943145200004,13.88947690200007],[100.58972194200004,13.889420451000035],[100.58981226000009,13.889414679000026],[100.58998044200007,13.889386979000051],[100.59032075700009,13.889310935000026],[100.59118587700004,13.88902121700005],[100.59204648600007,13.888741367000023],[100.59310430200009,13.888347838000072],[100.59371849500008,13.888104756000075],[100.59387183900009,13.888044067000067],[100.59399809200005,13.88797936800006],[100.59408936800008,13.887932582000076],[100.59438813000008,13.887820883000074],[100.59439522500009,13.887818226000036],[100.59444512600004,13.887799568000048],[100.59461116400007,13.887737486000049],[100.59481328300007,13.887630844000057],[100.59474930400006,13.887560173000054],[100.59473815100006,13.887542327000062],[100.59469627100003,13.887475285000051],[100.59464854000004,13.887437228000067],[100.59464109200007,13.887431298000024],[100.59460227300008,13.887391617000048],[100.59424301300004,13.88702442400006],[100.59414438400006,13.886924007000062],[100.59397099800003,13.886734401000069],[100.59394299400009,13.886699861000068],[100.59389142100008,13.886640515000067],[100.59389138100005,13.886640464000038],[100.59382290000008,13.886561659000051],[100.59376358400004,13.886489690000076],[100.59372962400005,13.886449280000022],[100.59363453000009,13.886338734000049],[100.59337432200005,13.886055350000049],[100.59316068500004,13.885820907000039],[100.59230955900006,13.88486769900004],[100.59172707500005,13.884213116000069],[100.59170477800006,13.884188280000046],[100.59144087500005,13.883894256000076],[100.59141199500004,13.883862082000064],[100.59133610700008,13.883777529000042],[100.59105353100006,13.88346167900005],[100.59066747000009,13.883030154000039],[100.59063703200008,13.882998832000055],[100.59024314500005,13.882593565000036],[100.59005844000006,13.882403526000076],[100.58992307900007,13.882243585000026],[100.58987201600007,13.882183248000047],[100.58956965300007,13.881825967000054],[100.58944037100008,13.881673201000069],[100.58920255600003,13.881392196000036],[100.58908573400004,13.881224475000067],[100.58906274900005,13.881191477000073],[100.58896722500003,13.881054342000027],[100.58892172600008,13.880989017000047],[100.58882337500006,13.880847821000032],[100.58858024300008,13.880498761000069],[100.58856833800007,13.880481678000024],[100.58849705100005,13.880336193000062],[100.58833043800007,13.879996181000024],[100.58830354700007,13.87994130900006],[100.58814376200007,13.879615240000021],[100.58799825500006,13.878741310000066],[100.58797557900004,13.878391317000023],[100.58797071400005,13.878316212000073],[100.58794230500007,13.877877733000048],[100.58793510900006,13.877477688000056],[100.58790766300007,13.877127581000025],[100.58784854900006,13.876011700000049],[100.58778862200006,13.875460624000027],[100.58774546600006,13.87495036200005],[100.58771582500003,13.874599964000026],[100.58771329400008,13.874501347000035],[100.58769877800006,13.874478563000025],[100.58768013800005,13.874395901000071],[100.58764591800008,13.874128477000056],[100.58765580300008,13.873726926000074],[100.58765801200008,13.873671090000073],[100.58763298500008,13.873201565000045],[100.58761255700006,13.872818189000043],[100.58760482200006,13.872673126000052],[100.58760166200005,13.87264009200004],[100.58755526200008,13.872154715000022],[100.58751503900004,13.871689650000064],[100.58749839800004,13.871497186000056],[100.58748916200005,13.871390395000049],[100.58745278800006,13.871106404000045],[100.58742240100008,13.870812129000058],[100.58742042000006,13.870787910000047],[100.58739223500004,13.87044359500004],[100.58739842400007,13.870234315000062],[100.58740625600007,13.869969778000041],[100.58736797300008,13.869637552000029],[100.58720132300005,13.868191413000034],[100.58716647100005,13.867567350000059],[100.58709651200007,13.866633811000042],[100.58703702700007,13.865840130000038],[100.58701687000007,13.86557117600006],[100.58691525400008,13.864612436000073],[100.58680161100006,13.863246845000049],[100.58676910900005,13.862763741000038],[100.58676806600005,13.86228176000003],[100.58675870500008,13.861854754000035],[100.58667962300007,13.861641110000051],[100.58663689800005,13.861397735000026],[100.58661817000007,13.861222229000077],[100.58659603200005,13.860943769000073],[100.58652351100005,13.860099967000053],[100.58648083100007,13.859039809000024],[100.58654720500005,13.858933983000043],[100.58633938400004,13.858942037000077],[100.58627624200005,13.858929593000028],[100.58624772800005,13.858909567000069],[100.58624449300004,13.858896960000038],[100.58624467700008,13.858834802000047],[100.58573206400007,13.858491310000034],[100.58568074300007,13.858467459000053],[100.58560959800008,13.858440509000047],[100.58548566700006,13.858417124000027],[100.58526371700003,13.858396940000034],[100.58510222300004,13.858369743000026],[100.58443868800003,13.85832094400007],[100.58418929300007,13.858291591000068],[100.58392551500003,13.858235498000056],[100.58383926400006,13.858222276000049],[100.58378708200007,13.858203099000036],[100.58373970100007,13.858170937000068],[100.58373237300003,13.858165963000033],[100.58372225800008,13.858154567000042],[100.58364381900009,13.858066162000057],[100.58359904900004,13.858035010000037],[100.58353948400008,13.858012418000044],[100.58345017900007,13.857983971000067],[100.58340767200008,13.857977585000072],[100.58334134700004,13.857967619000021],[100.58325550900008,13.857957982000073],