{"ShapeType":5,"Count":7425,"Bound":{"Left":97.343358471000045,"Top":5.613037873000053,"Right":105.63696451800004,"Bottom":20.465073815000061},"Shapes":[{"RecordNo":1015,"ShapeType":5,"ADM0_EN":"Thailand","ADM0_PCODE":"TH","ADM1_EN":"Chon Buri","ADM1_PCODE":"TH20","ADM2_EN":"Si Racha","ADM2_PCODE":"TH2007","ADM3_EN":"Si Racha","ADM3_PCODE":"TH200701","SHAPE_LENGTH":0.0816960916548,"SHAPE_AREA":0.00019837921311,"Parts":[{"Type":5,"Count":43,"Points":[[100.92002370700004,13.174589211000068],[100.92016919800005,13.174389273000031],[100.92019045700005,13.174475568000048],[100.92022588200007,13.174492595000061],[100.92035801500003,13.174465669000028],[100.92049616500003,13.174455989000023],[100.92094289600004,13.17441806000005],[100.92100454100006,13.174403189000032],[100.92103630600008,13.174328022000054],[100.92103258700007,13.174196208000069],[100.92103224000005,13.17418396000005],[100.92107635700006,13.17409721000007],[100.92109255900004,13.173999070000036],[100.92108986300008,13.173915092000073],[100.92108867400003,13.17387805900006],[100.92089296200004,13.173672031000024],[100.92076579000008,13.173580764000064],[100.92076213100006,13.173488572000053],[100.92070497400005,13.173324735000051],[100.92061003700007,13.173218817000077],[100.92050376400005,13.173167739000064],[100.92037423600004,13.173151417000042],[100.92023325700006,13.173175527000069],[100.92017756200005,13.173198999000022],[100.92013612200009,13.173164727000028],[100.92007990800005,13.173121919000039],[100.91996804800004,13.173108348000028],[100.91987118100008,13.173132128000077],[100.91979835800004,13.173222011000064],[100.91969875200005,13.173271749000037],[100.91959061700004,13.173359014000027],[100.91949402100005,13.173417375000042],[100.91933575700006,13.173487723000051],[100.91923639800007,13.173569160000056],[100.91917859300008,13.173699276000036],[100.91916781800006,13.173826160000033],[100.91925139600005,13.173984036000036],[100.91931131300004,13.174124799000026],[100.91936189100005,13.174199350000038],[100.91936914300004,13.174375088000033],[100.91967087800003,13.174600497000029],[100.91985929200007,13.174625024000022],[100.92002370700004,13.174589211000068]]},{"Type":5,"Count":285,"Points":[[100.93259903600006,13.178098605000059],[100.93258236600008,13.17750716200004],[100.93256946400004,13.176775544000066],[100.93255819100006,13.176233404000072],[100.93254254700008,13.17548090300005],[100.93252695300004,13.174407603000077],[100.93250828900005,13.17325055200007],[100.93249670900008,13.172390080000071],[100.93248689900008,13.172054736000064],[100.93247426200009,13.171052290000034],[100.93245747600008,13.170135575000074],[100.93243731200005,13.168786688000068],[100.93241806000003,13.167556415000036],[100.93241428500005,13.167368943000042],[100.93241487400007,13.166820330000064],[100.93238490900006,13.166149862000054],[100.93238303900006,13.166108055000052],[100.93237723900006,13.166066599000033],[100.93232055300007,13.16566160800005],[100.93226118700005,13.16543153300006],[100.93216690600008,13.165115233000051],[100.93204536600007,13.16481462400003],[100.93195328100006,13.16460481300004],[100.93187787300008,13.164463190000049],[100.93180063000006,13.164318114000025],[100.93165639400007,13.164099721000071],[100.93144398400006,13.163825883000072],[100.93116775100003,13.163503178000042],[100.93094129300005,13.163287025000045],[100.93078885600005,13.163163298000029],[100.93062036300006,13.163034106000055],[100.93038474700006,13.162870629000054],[100.92987599300005,13.162563816000045],[100.92948878400006,13.162326420000056],[100.92928473000006,13.162201316000051],[100.92792747400006,13.161339525000074],[100.92769166200009,13.161180393000052],[100.92654592600007,13.160498092000069],[100.92601547500004,13.160175981000066],[100.92448405300007,13.159267972000066],[100.92306614800003,13.158424085000036],[100.92271265800008,13.158232309000027],[100.92190041300006,13.157750364000037],[100.92167770300006,13.157605311000054],[100.92144299500006,13.157453537000038],[100.92108753100007,13.157196416000033],[100.92098983500006,13.157103918000075],[100.92080673900006,13.156930579000061],[100.92077080600006,13.156893733000061],[100.92024567700008,13.157202290000043],[100.91678120100005,13.159237895000047],[100.91525700300008,13.160133440000038],[100.91525715800009,13.16013356600007],[100.91532134000005,13.160185169000044],[100.91543761400004,13.160249133000036],[100.91565850000006,13.160296109000058],[100.91592992900007,13.160461571000042],[100.91625119400004,13.160653675000049],[100.91652314800007,13.16088396300006],[100.91678987100005,13.161152104000053],[100.91690782500007,13.161432177000052],[100.91707051200007,13.161792950000063],[100.91715430400006,13.161932788000058],[100.91723774900004,13.162029423000035],[100.91734864500006,13.162109642000075],[100.91749252900007,13.162178773000051],[100.91760909700008,13.162280567000039],[100.91773156100004,13.162430936000021],[100.91777132500005,13.162581928000066],[100.91778364800007,13.162749305000034],[100.91777868100007,13.16281957700005],[100.91774069100006,13.162895512000034],[100.91773660500007,13.163079216000028],[100.91773933700006,13.163430319000042],[100.91776201900007,13.163511260000064],[100.91776311200005,13.163651722000054],[100.91776934300003,13.163743523000051],[100.91781954800007,13.163818787000025],[100.91791351100005,13.163850505000028],[100.91806791200008,13.163854746000027],[100.91829896900003,13.163788199000067],[100.91841966700008,13.163711657000022],[100.91851331300006,13.163700145000064],[100.91873399300005,13.163720107000074],[100.91892711900005,13.16374027300003],[100.91902026000008,13.163761187000034],[100.91912590300007,13.16377563900005],[100.91926306600004,13.163801453000076],[100.91933631500007,13.163827754000067],[100.91943258100008,13.163876262000031],[100.91954276500007,13.163955935000047],[100.91959801100006,13.164013691000037],[100.91965341100007,13.164093822000041],[100.91975952300004,13.164236193000022],[100.91981002500006,13.16427159400007],[100.91987408100005,13.164289023000038],[100.91997443400004,13.164279314000055],[100.92005194000006,13.164265314000033],[100.92012499800006,13.164264767000077],[100.92017536500003,13.164286768000068],[100.92023518400004,13.16434447000006],[100.92025840200006,13.16439351300005],[100.92032233200007,13.164397506000057],[100.92034510000008,13.164388386000042],[100.92040887300004,13.164370019000046],[100.92050042100004,13.164400645000058],[100.92059659900008,13.164440194000065],[100.92072494300004,13.164506349000021],[100.92083978100004,13.16459495600003],[100.92155157200006,13.165126505000046],[100.92172607400005,13.165254934000075],[100.92183648000008,13.165361492000045],[100.92191485700005,13.165459331000022],[100.92196551400008,13.165517110000053],[100.92224243600003,13.165899791000072],[100.92249980000008,13.166117084000064],[100.92333379200005,13.167095105000044],[100.92349528500006,13.167313105000062],[100.92392244800004,13.167640979000055],[100.92447402900007,13.168115551000028],[100.92460767200004,13.168275603000041],[100.92485312100007,13.168721153000035],[100.92489074800005,13.168949597000051],[100.92490910600009,13.168963785000074],[100.92492249800006,13.168963684000062],[100.92493825900004,13.168959976000053],[100.92495884100003,13.168945541000028],[100.92516778000004,13.168753241000047],[100.92518237100006,13.168751935000046],[100.92519216200009,13.168760202000044],[100.92521802700009,13.16880053400007],[100.92521930800007,13.168811260000041],[100.92521453900008,13.168822022000029],[100.92520609500008,13.168831619000059],[100.92486182000005,13.169138160000045],[100.92472173700008,13.16927714600007],[100.92458605200005,13.169377858000075],[100.92446760200005,13.169463051000037],[100.92446359600007,13.169478488000038],[100.92446953700005,13.169497891000049],[100.92448711200007,13.169524495000076],[100.92449872400005,13.169528470000046],[100.92451523800008,13.169524284000033],[100.92453920400004,13.169522504000042],[100.92456239500007,13.169525559000022],