{"ShapeType":5,"Count":928,"Bound":{"Left":97.343358471000045,"Top":5.613037873000053,"Right":105.63696451800007,"Bottom":20.465073815000061},"Shapes":[{"RecordNo":8,"ShapeType":5,"ADM0_EN":"Thailand","ADM0_PCODE":"TH","ADM1_EN":"Bangkok","ADM1_PCODE":"TH10","ADM2_EN":"Pom Prap Sattru Phai","ADM2_PCODE":"TH1008","ADM3_EN":null,"ADM3_PCODE":null,"SHAPE_LENGTH":0.0616692131195,"SHAPE_AREA":0.000208975074436,"Parts":[{"Type":5,"Count":155,"Points":[[100.51568681300006,13.738699313000041],[100.51568779700006,13.738046738000037],[100.51533499900006,13.738139470000021],[100.51532929300004,13.738141408000047],[100.51512048900008,13.738212329000078],[100.51494243600007,13.738304173000074],[100.51475431600005,13.738436806000038],[100.51462436200006,13.738537028000053],[100.51434201800004,13.738756845000069],[100.51383833800009,13.739159923000045],[100.51355611500009,13.739398934000064],[100.51344168400004,13.739492325000072],[100.51331232100006,13.739594794000027],[100.51308126800006,13.739774535000038],[100.51227433100007,13.740402269000072],[100.51225817600005,13.740414996000027],[100.51210464800005,13.74053592100006],[100.51182467500007,13.740756440000041],[100.51167174600005,13.740880538000056],[100.51148084700009,13.741035368000041],[100.51134401000007,13.741146953000055],[100.51117614200007,13.741281312000069],[100.51103125300006,13.741399725000065],[100.51081868000006,13.741567749000069],[100.51077385600007,13.741603178000048],[100.51074890000007,13.741622906000032],[100.51062642500006,13.741721941000037],[100.51046653900005,13.741844970000045],[100.51027598400003,13.742001849000076],[100.51020763100007,13.742058126000075],[100.51014575700003,13.742109067000058],[100.50995598000009,13.742257403000053],[100.50988641600009,13.742311776000065],[100.50944123200009,13.742661500000054],[100.50924583100004,13.742818494000062],[100.50904259100008,13.742973656000061],[100.50887198300006,13.743106362000049],[100.50864118000004,13.743291007000039],[100.50852070400003,13.743386789000056],[100.50847263400004,13.743424492000031],[100.50834702400005,13.743523008000068],[100.50803247200008,13.743767178000041],[100.50771960500003,13.744010872000047],[100.50753096600005,13.744159308000064],[100.50745148600004,13.744221849000041],[100.50722262000005,13.744403163000072],[100.50713997300005,13.744468639000047],[100.50686696800005,13.744686407000074],[100.50677505800007,13.744759723000072],[100.50653825300009,13.744941089000065],[100.50649937000009,13.744970872000067],[100.50623199200004,13.74518376900005],[100.50602603400006,13.745335321000027],[100.50598063000007,13.74537289500006],[100.50566779300004,13.745617766000066],[100.50537737100007,13.745843241000046],[100.50510260900006,13.746064313000034],[100.50489304100006,13.746238141000049],[100.50440624300006,13.746634072000063],[100.50423989800004,13.746724260000065],[100.50416245100007,13.746758038000053],[100.50398703300004,13.746816870000032],[100.50389819800006,13.746847599000034],[100.50408379700008,13.747572489000049],[100.50411586300004,13.747706773000061],[100.50417289200004,13.747948233000045],[100.50442093300006,13.748960258000068],[100.50516118700006,13.752112763000071],[100.50554288800004,13.753782602000058],[100.50597573100004,13.755304347000049],[100.50601514000005,13.755413736000037],[100.50604178800006,13.755510733000051],[100.50603755400005,13.755571770000074],[100.50602411500006,13.755638540000064],[100.50598697000004,13.755705414000033],[100.50570793800006,13.756182284000033],[100.50584509300006,13.756266981000067],[100.50593726900007,13.756332202000067],[100.50599678700007,13.756374314000027],[100.50613551500004,13.756673678000027],[100.50613650000008,13.756675123000036],[100.50614307700005,13.756690002000028],[100.50621936400006,13.756854622000049],[100.50629346100004,13.757014524000056],[100.50633073900008,13.757094968000047],[100.50640319600007,13.757247756000027],[100.50656882600003,13.757597020000048],[100.50683929600007,13.758167356000058],[100.50691086800003,13.758320542000035],[100.50699063100007,13.75849125600007],[100.50767319900007,13.75995215100005],[100.50789645500004,13.760411744000066],[100.50809950900003,13.760841566000067],[100.50829838200008,13.761262533000036],[100.50847640500007,13.761638362000042],[100.50852591300009,13.761747372000059],[100.50887880300007,13.762524324000026],[100.50896650300007,13.762717419000069],[100.50907073100007,13.76294689100007],[100.50929485300009,13.763440338000066],[100.50939924600004,13.763650817000041],[100.50960305100006,13.763483800000074],[100.50965560900005,13.763440238000044],[100.50985750400008,13.763243781000028],[100.51041307400004,13.762673824000046],[100.51062476100009,13.762457791000031],[100.51073809900004,13.762342129000047],[100.51105313000005,13.762037134000025],[100.51153354700006,13.761543403000076],[100.51192662900007,13.761142938000035],[100.51202030500008,13.761049606000029],[100.51254506300006,13.760523973000034],[100.51290307300008,13.760188055000072],[100.51298664500007,13.760109641000042],[100.51366732100007,13.759456362000037],[100.51423062400005,13.75890105700006],[100.51488144900009,13.75828414700004],[100.51553222700005,13.757660448000024],[100.51576900300006,13.757421519000047],[100.51590698200005,13.757289496000055],[100.51596438600006,13.757221289000029],[100.51636838200005,13.756712125000036],[100.51641122200005,13.756631145000029],[100.51688128000006,13.755690600000037],[100.51716196900009,13.755026125000029],[100.51717096400006,13.754997682000067],[100.51725218300004,13.754582741000036],[100.51729045200005,13.754387224000027],[100.51736293000005,13.753771040000061],[100.51737146000005,13.753099860000077],[100.51737215700007,13.752778156000034],[100.51738293100004,13.752686440000048],[100.51737909000008,13.752530946000036],[100.51737538800006,13.752397665000046],[100.51730201200007,13.751812137000059],[100.51720906900005,13.751055934000021],[100.51717192900009,13.750803445000031],[100.51705423200008,13.749952970000038],[100.51703217100004,13.749836466000033],[100.51692024500005,13.749076322000065],[100.51685396800008,13.748633670000061],[100.51678586400004,13.748205018000022],[100.51665854300006,13.747403206000058],[100.51648955000007,13.746528052000031],[100.51633141300005,13.745579191000047],[100.51620357100006,13.744837367000059],[100.51602172600008,13.74365541800006],[100.51600202200007,13.743537047000075],[100.51587825800004,13.742550994000055],[100.51576954600006,13.741550033000067],[100.51574708200008,13.741296526000042],[100.51570524600004,13.740091497000037],[100.51568053200003,13.739193701000033],[100.51567447200006,13.738840114000027],[100.51568681300006,13.738699313000041]]}]}]}