{"ShapeType":5,"Count":928,"Bound":{"Left":97.343358471000045,"Top":5.613037873000053,"Right":105.63696451800007,"Bottom":20.465073815000061},"Shapes":[{"RecordNo":4,"ShapeType":5,"ADM0_EN":"Thailand","ADM0_PCODE":"TH","ADM1_EN":"Bangkok","ADM1_PCODE":"TH10","ADM2_EN":"Bang Rak","ADM2_PCODE":"TH1004","ADM3_EN":null,"ADM3_PCODE":null,"SHAPE_LENGTH":0.0858864661897,"SHAPE_AREA":0.000336956112309,"Parts":[{"Type":5,"Count":135,"Points":[[100.51703032500006,13.718081898000037],[100.51702863300005,13.718081841000071],[100.51692013100006,13.718089666000026],[100.51680665300006,13.718105947000026],[100.51669320000008,13.718126127000062],[100.51656189800008,13.718160049000062],[100.51642065900006,13.718194990000029],[100.51512412400007,13.718561690000058],[100.51203169500008,13.719335614000045],[100.51217423200006,13.719848844000069],[100.51228971900008,13.720283153000025],[100.51250363900005,13.721111257000075],[100.51261528400005,13.721817458000032],[100.51264180700008,13.722162442000069],[100.51271230200007,13.724273723000067],[100.51229834900005,13.729392587000064],[100.51296417700007,13.729546940000034],[100.51328329600005,13.729629177000049],[100.51340917200008,13.729711383000051],[100.51343762700009,13.72973709300004],[100.51364903400008,13.729928159000053],[100.51386335700005,13.730121856000039],[100.51411298300008,13.730390426000042],[100.51493870300004,13.731278803000066],[100.51506423200004,13.73148300500003],[100.51540907000003,13.732216914000048],[100.51550224800008,13.732442945000059],[100.51564777600004,13.733059007000065],[100.51569723300008,13.733293745000026],[100.51582274600008,13.734118933000048],[100.51584594900004,13.734310881000056],[100.51590619100006,13.735233661000052],[100.51590932100004,13.735720642000047],[100.51585839200004,13.73624748900005],[100.51575681900005,13.736807419000058],[100.51570348300004,13.737458305000075],[100.51569208100005,13.737886037000067],[100.51568779700006,13.738046738000037],[100.51588959500003,13.737990864000039],[100.51602794200005,13.737950783000031],[100.51628737700008,13.737858493000033],[100.51674520000006,13.737691989000041],[100.51702731800003,13.737586239000052],[100.51715882600007,13.737538191000056],[100.51775779500008,13.737319330000048],[100.51807380900004,13.737187549000055],[100.51834721400007,13.737071537000077],[100.51884549700009,13.736848304000034],[100.51896100000005,13.736796968000022],[100.51901666200007,13.736772047000045],[100.51913598000004,13.736718631000031],[100.51946268100005,13.736585391000062],[100.51955295700009,13.736549455000045],[100.52028565000006,13.736253681000051],[100.52077445800006,13.736057304000042],[100.52134421300008,13.735828414000025],[100.52161269400006,13.735713636000071],[100.52328910900008,13.73505373100005],[100.52558105900005,13.734149190000039],[100.52724841900005,13.733451917000025],[100.52851334400003,13.732957662000047],[100.52872933200007,13.732873267000059],[100.52934601600003,13.732606674000067],[100.52945879800006,13.732566306000024],[100.52969881100006,13.732467461000056],[100.52989932800006,13.732384371000023],[100.52998613700004,13.732348399000045],[100.53062549100008,13.73207280400004],[100.53124686400008,13.731824875000029],[100.53218105700006,13.73142817300004],[100.53388242000005,13.730718164000052],[100.53442766200004,13.730493326000044],[100.53585748600005,13.729885555000067],[100.53663890700005,13.729556258000059],[100.53672555000009,13.729520710000031],[100.53777430600007,13.729074771000057],[100.53924516500007,13.728473536000024],[100.54059130300004,13.727884371000073],[100.54314337900007,13.726836841000022],[100.54369716500008,13.726612338000052],[100.54447166000006,13.726281552000046],[100.54452394600008,13.726259527000025],[100.54474537400006,13.726166253000031],[100.54422459900007,13.726004937000027],[100.54394521400008,13.725918393000029],[100.54360375500005,13.725811428000043],[100.54312866400005,13.725685823000049],[100.54207840600009,13.725367042000073],[100.54146346000005,13.725185811000074],[100.54084846500007,13.724996783000051],[100.54027545700006,13.724828923000075],[100.53965650400005,13.724643812000068],[100.53900362900004,13.724451118000047],[100.53849242000007,13.724286765000045],[100.53788145200008,13.724103547000027],[100.53755407600005,13.724015970000039],[100.53717275500009,13.723907301000054],[100.53661171100004,13.723739357000056],[100.53606265600007,13.723577177000038],[100.53556755400007,13.723438045000023],[100.53493067500006,13.723253033000049],[100.53447143100004,13.723111723000045],[100.53401019400008,13.722970425000028],[100.53302587600007,13.722676522000029],[100.53228115900004,13.722455160000038],[100.53153653000004,13.72224742700007],[100.53107730200009,13.722108063000064],[100.53029220200006,13.721871940000028],[100.52991959900004,13.721751394000023],[100.52913098200008,13.721513870000024],[100.52869537400005,13.72139420600007],[100.52832400200003,13.721281564000037],[100.52813231700009,13.721222358000034],[100.52726775700006,13.720956909000051],[100.52667680800005,13.720785231000036],[100.52611381700007,13.720623118000049],[100.52540111500008,13.720421016000046],[100.52481813800006,13.720249279000029],[100.52394766900005,13.719993599000077],[100.52345052900006,13.719844709000029],[100.52287354400005,13.719674883000039],[100.52206690500009,13.71942854200006],[100.52146397800004,13.719253023000022],[100.52102674300005,13.719123239000055],[100.52042581000006,13.718947711000055],[100.51984880400005,13.718773976000023],[100.51909018500004,13.718556554000031],[100.51855315500006,13.71840205500007],[100.51806179200008,13.718267188000027],[100.51779645000005,13.718198822000034],[100.51742042400008,13.71810735300005],[100.51741400200007,13.718105788000059],[100.51741188800008,13.718105588000071],[100.51723390200004,13.718088806000026],[100.51703032500006,13.718081898000037]]}]}]}