{"ShapeType":5,"Count":928,"Bound":{"Left":97.343358471000045,"Top":5.613037873000053,"Right":105.63696451800007,"Bottom":20.465073815000061},"Shapes":[{"RecordNo":33,"ShapeType":5,"ADM0_EN":"Thailand","ADM0_PCODE":"TH","ADM1_EN":"Bangkok","ADM1_PCODE":"TH10","ADM2_EN":"Khlong Toei","ADM2_PCODE":"TH1033","ADM3_EN":null,"ADM3_PCODE":null,"SHAPE_LENGTH":0.153280015035,"SHAPE_AREA":0.00112534804772,"Parts":[{"Type":5,"Count":133,"Points":[[100.60049368000006,13.706984035000062],[100.60098244200003,13.705997882000077],[100.60144978500006,13.705065104000028],[100.60165893700008,13.704666227000075],[100.60104449100004,13.704391505000046],[100.60059902800003,13.704218386000036],[100.59972332100006,13.703857068000048],[100.59952753900006,13.703790930000025],[100.59920118500008,13.703673209000044],[100.59722801100008,13.702476386000058],[100.59267247800005,13.70022483200006],[100.58391953000006,13.69609611900006],[100.58280647200007,13.696971649000034],[100.58246805800008,13.697240348000037],[100.58210186600007,13.69753195100003],[100.58189926300008,13.697676406000028],[100.58037417100007,13.698763754000026],[100.58001037800005,13.698995066000066],[100.57963868600007,13.699216030000059],[100.57887944300006,13.699633094000035],[100.57771787000007,13.700222374000077],[100.57654141100005,13.700786048000055],[100.57535604100008,13.701332985000022],[100.57505609900005,13.701468452000029],[100.57337319100009,13.702228522000041],[100.57217663200004,13.70274872400006],[100.57137094500007,13.703075786000056],[100.56968371200009,13.703677746000039],[100.56840623300008,13.704100347000065],[100.56712500900005,13.70451455400007],[100.56626883900009,13.704785654000034],[100.56540963600008,13.705048041000055],[100.56455945600004,13.705289350000044],[100.56390716800007,13.705456094000056],[100.56329573500005,13.705612391000045],[100.56244801400004,13.70580841900005],[100.56202243900003,13.705898569000055],[100.56116682700008,13.706053853000071],[100.56072595700005,13.706115276000048],[100.56028348200005,13.706164747000059],[100.55983992300008,13.706203358000039],[100.55939579500006,13.706231045000038],[100.55895160600005,13.706246530000044],[100.55850795000004,13.706247217000055],[100.55806556900006,13.70622897800007],[100.55715634000006,13.706121239000026],[100.55670686900004,13.706036881000046],[100.55626254400005,13.705933308000056],[100.55582550400004,13.705808688000047],[100.55486719200007,13.705483354000023],[100.55432960800005,13.710772808000058],[100.55424448700006,13.711713441000029],[100.55422116600005,13.711944071000062],[100.55404606900004,13.71378356200006],[100.55383804000007,13.715715868000075],[100.55375391500007,13.716543495000053],[100.55337799500006,13.719160352000074],[100.55291228900006,13.722771623000028],[100.55254541000005,13.726171719000035],[100.55219421800007,13.729583103000039],[100.55184077200005,13.732652420000022],[100.55169037100006,13.73413183200006],[100.55154047300005,13.735252154000023],[100.55148183800009,13.735784294000041],[100.55126310700007,13.737802050000028],[100.55103223300006,13.739906873000052],[100.55080722300005,13.74193709900004],[100.55069532700009,13.742848937000076],[100.55158080100006,13.742673406000051],[100.55195732800007,13.742571704000056],[100.55201326200006,13.742556594000064],[100.55247680000008,13.742431398000065],[100.55321734400008,13.742122149000068],[100.55378798000004,13.741814303000069],[100.55416375600004,13.741575566000051],[100.55438689100004,13.741422275000048],[100.55483479700007,13.741114566000022],[100.55511260300006,13.740923713000029],[100.55546931900005,13.74065579300003],[100.55603637400009,13.740265726000075],[100.55610128800004,13.740220418000035],[100.55657527300008,13.739860514000043],[100.55667963600007,13.739781503000074],[100.55902482300007,13.738123518000066],[100.56019892400008,13.737305845000037],[100.56041227200007,13.737154052000051],[100.56154885700005,13.736345399000072],[100.56232543500005,13.735792208000078],[100.56291319000007,13.735373523000021],[100.56455742400004,13.734221380000065],[100.56520811900003,13.733753967000041],[100.56612001800005,13.733112831000028],[100.56763843100003,13.732045609000068],[100.56858429300007,13.731387663000078],[100.56900033500006,13.731136663000029],[100.57034976000006,13.730189587000041],[100.57373161100009,13.727789571000074],[100.57497157300008,13.726917201000049],[100.57674870700004,13.725647367000022],[100.57770207900006,13.724981086000071],[100.57792550500005,13.724830310000073],[100.57908034900004,13.724018160000071],[100.58025939500004,13.723174811000035],[100.58147493300004,13.722309733000031],[100.58313539300008,13.721136127000023],[100.58452103500008,13.72014338200006],[100.58510567200005,13.719709634000026],[100.58567381500006,13.719303040000057],[100.58582025000004,13.719187116000057],[100.58644061400008,13.718739208000045],[100.58735635200009,13.718080360000045],[100.58821976600007,13.717469756000071],[100.58925838400006,13.716733823000027],[100.59022059500006,13.716051048000054],[100.59070845900004,13.715710513000033],[100.59156855600008,13.715096030000041],[100.59190825500008,13.714845212000057],[100.59603189900008,13.711947334000058],[100.59604190100004,13.711940640000023],[100.59653235300004,13.711612301000059],[100.59784574200006,13.710723740000049],[100.59840645600008,13.710325389000047],[100.59860309300007,13.710171972000069],[100.59871796800007,13.710082348000071],[100.59886415200003,13.709932711000022],[100.59892696000009,13.709866895000062],[100.59900623600004,13.709768487000076],[100.59904893700008,13.70971559000003],[100.59916234300005,13.709575521000033],[100.59934444300006,13.709330058000035],[100.59956674500006,13.708925843000031],[100.59995135500009,13.708101831000022],[100.60049368000006,13.706984035000062]]}]}]}